"","dataset","tsid","longitude","latitude","ipccReg","Category","CategorySpec","recordRange","recordRes","recordResPlus","season","climInterp","source"
"1","31Lake.Eisner.1995","M2Ldrsn6en4P",-50.47,67.05,"GIC","Pollen","Pollen (calibrated)",5102,166,170,"Annual","P","Marsicek et al. (2018)"
"2","Abalone.Cole.1994","M2Leedqkm0xP",-119.98,33.96,"WNA","Pollen","Pollen (calibrated)",6112.3,204.6,227.05,"Annual","P","Temp12k"
"3","Abhe.Gasse.1975","OLS_RfBMrSLi0j3",42,11.25,"NEAF","Lake Deposits","Lake Deposits",10319,1149,1350,"Annual","P-E","Oxford Lake Levels Database"
"4","Aden.Tierney.2013","LPD8e619296",44.3,11.955,"NEAF","Leaf Wax dD","Leaf Wax (dD)",11879,186,190,"Annual","P-E","Other"
"5","Adobe.Batchelder.1978","OLS_R4y0PIxteRT",-118.6,37.91,"WNA","Lake Deposits","Lake Deposits",10319,1149,3470,"Annual","P-E","Oxford Lake Levels Database"
"6","Afrera.Gasse.1975","OLS_R7luETutJOR",40.83,13.42,"NEAF","Lake Deposits","Lake Deposits",10319,1149,1145,"Annual","P-E","Oxford Lake Levels Database"
"7","Agadem.Faure.1963","OLS_RF7pv7UUDFw",13.33,16.83,"SAH","Lake Deposits","Lake Deposits",10319,1149,1235,"Annual","P-E","Oxford Lake Levels Database"
"8","AgeroedsMosse.Nilsson.1964","R7POq91zEfa",13.42,55.83,"NEU","Pollen","Pollen (calibrated)",9080.15,55.445,59.27,"Annual","P","Marsicek et al. (2018)"
"9","AhungCo.Morrill.2006","WEB8b32a2e0",92.06,31.62,"TIB","Other","Other (not calibrated)",5025,47,47,"Annual","P-E","Other"
"10","AKIII.Terwilliger.2013","SL13TEAK01B",39.3646,13.3322,"NEAF","Leaf Wax dD","Leaf Wax (dD)",4342,126,126,"Annual","P","Other"
"11","AKIII.Terwilliger.2013","SL13TEAK01C2",39.3646,13.3322,"NEAF","Leaf Wax dD","Leaf Wax (dD)",4342,126,126,"Annual","P","Other"
"12","AKIII.Terwilliger.2013","SL13TEAK01A",39.3646,13.3322,"NEAF","Leaf Wax dD","Leaf Wax (dD)",4342,126,132,"Annual","P","Other"
"13","Aljojuca.Bhattacharya.2015","WEB4ef1e8b8",-97.5338,19.0915,"SCA","Lake Sediment d18O","Lake Sediment (d18O)",4127.1,12.7999999999999,12.7999999999997,"Annual","P-E","Other"
"14","Alley.GISP2.2000","GH129d82be",-38.5,72.6,"GIC","Glacier Ice","Glacier Ice",11897.859,12.8800000000001,14,"Annual","P","Other"
"15","AlltnaFeitheSheilich.Birks.1975","RlNHgm3xGb0",-3.9,57.32,"NEU","Pollen","Pollen (calibrated)",9298.31,338.92,338.92,"Annual","P","Marsicek et al. (2018)"
"16","AlpidiRobieiValBavona.Welten.1982","RH3W9lW81nO",8.52,46.45,"WCE","Pollen","Pollen (calibrated)",10836.71,175.6,175.6,"Annual","P","Marsicek et al. (2018)"
"17","Alsa.Mariscal.1993","RaHoX1Gl8gj",-4.02,43.12,"MED","Pollen","Pollen (calibrated)",4856.79,144.73,144.735,"Annual","P","Marsicek et al. (2018)"
"18","Alsopahok.Zatyko.2007","R52bXXPVdWR",17.17,46.77,"WCE","Pollen","Pollen (calibrated)",10583.84,35.62,35.62,"Annual","P","Marsicek et al. (2018)"
"19","Altenweiher.DeValk.1981","RQJpKjOmV00",6.99,48.01,"WCE","Pollen","Pollen (calibrated)",10771.53,91.0799999999999,91.0799999999999,"Annual","P","Marsicek et al. (2018)"
"20","Andy.Szeicz.1995","PYTCPIAO06Y",-128.08,64.65,"NWN","Pollen","Pollen (calibrated)",11224,186,186,"Annual","P","Arctic Holocene"
"21","AralSea.Chen.2008","LPD053400dbb",60,45,"EEU","Other","Other (not calibrated)",11000,50,1250,"Annual","P-E","Other"
"22","ArdElAkhdar.Pachur.1984","OLS_R5sFsSYnjHw",26.03,23.18,"SAH","Lake Deposits","Lake Deposits",10319,1217.5,2899.5,"Annual","P-E","Oxford Lake Levels Database"
"23","Asal.Gasse.1975","OLS_ResQaXkZnvE",42.5,11.6,"NEAF","Lake Deposits","Lake Deposits",10319,1149,3730,"Annual","P-E","Oxford Lake Levels Database"
"24","Attacave.Niggemann.2003","S2LRZeoXM3hqeb",7.9,51.1,"WCE","Speleothem","Speleothem (d18O)",8275.8052549,15.7994740000001,15.6758644500001,"Winter","P-E","SISAL"
"25","Auroracave.Lorrey.2008","S2LRKmG1npI12F",167.6979,-45.2953,"NZ","Speleothem","Speleothem (d13C)",5388.8734,35.3191000000002,35.3888500000003,"Annual","P-E","SISAL"
"26","Aus-WilkinsKeilambeteGnotuk","Aus_247",142.989,-38.2135,"SAU","Lake Sediment d18O","Lake Sediment (d18O)",9287.2,98.8,98.8,"Annual","P-E","Other"
"27","Aus-WilkinsKeilambeteGnotuk","Aus_248",142.989,-38.2135,"SAU","Other","Other (not calibrated)",9287.2,98.8,98.8,"Annual","P-E","Other"
"28","Aus-WilkinsKeilambeteGnotuk","Aus_257",142.989,-38.2135,"SAU","Other","Other (not calibrated)",10971.197,101.717000000001,101.7165,"Annual","P-E","Other"
"29","Aus-WilkinsKeilambeteGnotuk","Aus_260",142.989,-38.2135,"SAU","Lake Sediment d18O","Lake Sediment (d18O)",10971.197,101.717000000001,101.7165,"Annual","P-E","Other"
"30","Babyloncave.Williams.2005","S2LRwdQvzjr8rq",171.47,-41.95,"NZ","Speleothem","Speleothem (d13C)",9236.634,223.5123,224.4206,"Annual","P-E","SISAL"
"31","Baeg-nyongcave.K..2017","S2LRShfLt8O8RR",128.58,37.27,"EAS","Speleothem","Speleothem (d18O)",5437,15,15,"Summer","P","SISAL"
"32","BaiedeSeineestuary.Garnaud.2003","Rxc7EY1fcRg",-0.03,49.42,"WCE","Pollen","Pollen (calibrated)",8426.56,112.540000000001,112.54,"Annual","P","Marsicek et al. (2018)"
"33","Baikal.Swann.2018","WEB2b09ab9c",104.85,51.58,"ESB","Lake Sediment d18O","Lake Sediment (d18O)",9950,270,280,"Annual","P","Other"
"34","Balaton.Muller.1978","OLS_RxhLkwjwzVg",17.5,46.8,"WCE","Lake Deposits","Lake Deposits",9009,1147,2870,"Annual","P-E","Oxford Lake Levels Database"
"35","Balukcave.Liu.2019","S2LRqArbF2JHFw",84.733,42.433,"ECA","Speleothem","Speleothem (d18O)",5672.40333458,22.9355657900001,22.9306158999998,"Annual","P","SISAL"
"36","Bancannia.Dury.1973","OLS_RXfu7xAGzWB",141.93,-30.82,"CAU","Lake Deposits","Lake Deposits",10319,1149,1867,"Annual","P-E","Oxford Lake Levels Database"
"37","BangongCo.Hou.2017","WEB8d973712",79.17,33.7,"TIB","Leaf Wax dD","Leaf Wax (dD)",11834,118,118,"Summer","P","Other"
"38","BanksIsland-15.Gajewski.2000","M2L33ant6mjP",-120.22,73.53,"NWN","Pollen","Pollen (calibrated)",10169,127,135,"Annual","P","Temp12k"
"39","Basse-Ville.Voeltzel.1987","Rttpnv7KP92",-1.86,47.19,"WCE","Pollen","Pollen (calibrated)",8460.69,63.0500000000002,63.0500000000002,"Annual","P","Marsicek et al. (2018)"
"40","Bastien.Bennett.1987","M2Lybprg279P",-78.92,46.4,"ENA","Pollen","Pollen (calibrated)",10833,159.5,159,"Annual","P","Marsicek et al. (2018)"
"41","BattleGround.Whitlock.1985","M2Llyjrd1pfP",-122.4917,45.8,"WNA","Pollen","Pollen (calibrated)",10539.6,236.3,236.3,"Annual","P","Temp12k"
"42","BayanNuur.Chen.2008","LPDb7ac9881",94.02,50,"ESB","Other","Other (not calibrated)",11000,50,1600,"Annual","P-E","Other"
"43","Beatties.Macphail.1975","OLS_RcRjSZzb1Kg",146.63,-42.67,"SAU","Lake Deposits","Lake Deposits",10319,1149,1200,"Annual","P-E","Oxford Lake Levels Database"
"44","Beaverhouse.Ritchie.1976","M2Lwsz4k05uP",-101.68,54.74,"NEN","Pollen","Pollen (calibrated)",9993,197,197,"Annual","P","Marsicek et al. (2018)"
"45","BeaverLake.Schmieder.2011","LPD796b99d7",-100.67,42.46,"CNA","Other","Other (not calibrated)",6449.643,28.6669999999995,28.6669999999995,"Annual","P-E","Other"
"46","Bebedero.Gonzalez.1983","OLS_R4idEFGElHM",-66.75,-33.33,"SES","Lake Deposits","Lake Deposits",10319,1149,3210,"Annual","P-E","Oxford Lake Levels Database"
"47","BebrukasLake.Shulija.1967","R3JbRXiEdQX",24.12,54.09,"WCE","Pollen","Pollen (calibrated)",10603.73,221.26,212.77,"Annual","P","Marsicek et al. (2018)"
"48","BeefPasture.Petersen.1985","M2Ljtr1o5yoP",-108.16,37.47,"WNA","Pollen","Pollen (calibrated)",6025.2,32.8,32.8,"Annual","P","Temp12k"
"49","BegbieLake.Brown.2019","WEB22bcae59",-123.68,48.59,"WNA","Pollen","Pollen (calibrated)",11523,203,203,"Annual","P","wNA"
"50","Berry.Whitehead.1979","M2Lvqkxb3lsP",-73.32,42.5,"ENA","Pollen","Pollen (calibrated)",10933,292.5,292.5,"Annual","P","Marsicek et al. (2018)"
"51","BI2Lake.Gajewski.1992","M2Lvt4uk4l6P",-76.38,57.12,"NEN","Pollen","Pollen (calibrated)",7639,185,192,"Annual","P","Marsicek et al. (2018)"
"52","Big.Cumming.2002","NAm2kHydro030",-121.45,51.668,"NWN","Other","Other (not calibrated)",5529.435,13.3919999999998,13.3919999999998,"Annual","P-E","Other"
"53","Bilma.Faure.1966","OLS_RPARZQXyu1l",13,18.75,"SAH","Lake Deposits","Lake Deposits",10319,1149,1172.5,"Annual","P-E","Oxford Lake Levels Database"
"54","BiskupinskieLake.Noryskiewicz.1995","RQ1Xw14yrkR",17.73,52.78,"WCE","Pollen","Pollen (calibrated)",10695.27,62.095,62.21,"Annual","P","Marsicek et al. (2018)"
"55","BisonLake.Anderson.2011","NAm2kHydro001",-107.35,39.76,"WNA","Lake Sediment d18O","Lake Sediment (d18O)",10284.956,27.641,27.5839999999998,"Winter","P","Other"
"56","BJ80370GGC.Tierney.2012","WEB8c80a27c",119.383,-3.566,"SEA","Leaf Wax dD","Leaf Wax (dD)",11855,104,104,"Annual","P","Other"
"57","BloodPond.Marsicek.2013","WEB0ca75d4f",-71.96,42.08,"ENA","Pollen","Pollen (calibrated)",11000,50,50,"Annual","P","Temp12k"
"58","BN7Lake.Gajewski.1991","M2L9abfmnz7P",-73.52,55.01,"NEN","Pollen","Pollen (calibrated)",6389,321,321,"Annual","P","Marsicek et al. (2018)"
"59","BoehnigseeGoldmoos.Markgraf.1969","RcrTDwF9b0L",7.84,46.26,"WCE","Pollen","Pollen (calibrated)",10727.86,151.255,153.48,"Annual","P","Marsicek et al. (2018)"
"60","Bogoria.Young.1979","OLS_RtPtAFW735C",36.1,0.3,"SEAF","Lake Deposits","Lake Deposits",10319,1149,1605,"Annual","P-E","Oxford Lake Levels Database"
"61","BoomerangLake.Brown.2006","WEB31e807ae",-124.16,49.18,"WNA","Pollen","Pollen (calibrated)",11126,298.5,299,"Annual","P","wNA"
"62","Boone.White.1986","M2L53380ivpP",-119.43,55.58,"NWN","Pollen","Pollen (calibrated)",10085,85,85,"Annual","P","Temp12k"
"63","BorderBeacon.Lamb.1985","M2Lg2vk1lieP",-63.2,55.33,"NEN","Pollen","Pollen (calibrated)",7687.7,311.5,311,"Annual","P","Marsicek et al. (2018)"
"64","Bosten.Chen.2008","LPDf7422476",87.02,42,"ECA","Other","Other (not calibrated)",11000,50,400,"Annual","P-E","Other"
"65","Bosumtwi.Shanahan.2015","LPD292174f8xxx",1.42,6.5,"WAF","Leaf Wax dD","Leaf Wax (dD)",11889.749,164.603,164.4115,"Summer","P","Other"
"66","Bougdouma.Gasse.1987","OLS_RgJGZeaw0md",11.7,13.3,"WAF","Lake Deposits","Lake Deposits",10319,1149,2069,"Annual","P-E","Oxford Lake Levels Database"
"67","BoundaryPond.Mott.1977","M2L44z68861P",-70.68,45.57,"ENA","Pollen","Pollen (calibrated)",10835.2,226.5,226.5,"Annual","P","Marsicek et al. (2018)"
"68","Breadalbane.Dodson.1986","OLS_RnZixdO7vMV",149.48,-34.78,"EAU","Lake Deposits","Lake Deposits",10319,1149,3210,"Annual","P-E","Oxford Lake Levels Database"
"69","Breitnau-Neuhof.Roesch.2009","R9HguzMzOAE",8.07,47.93,"WCE","Pollen","Pollen (calibrated)",10559.58,132.29,142.15,"Annual","P","Marsicek et al. (2018)"
"70","BucadellaRenella.Drysdale.2006","S2LRNh2zmbQt44",10.21,44.08,"MED","Speleothem","Speleothem (d18O)",6253.13,7.5,7.5,"Summer","P-E","SISAL"
"71","Buckeye.Springer.2008","NAm2kHydro096",-80.4,37.976,"ENA","Speleothem","Speleothem (other)",6908,34,52,"Annual","P-E","Other"
"72","BukitAssamcave.Carolin.2013","S2LRk70AiD9ZsN",114.8,4.03,"SEA","Speleothem","Speleothem (d18O)",11963.418,11.44,11.448,"Annual","P","SISAL"
"73","Bullenmerri.Buckley.1972","OLS_R9bib9fXM0c",143.12,-38.25,"SAU","Lake Deposits","Lake Deposits",10319,1149,1217.5,"Annual","P-E","Oxford Lake Levels Database"
"74","Bunkercave.Fohlmeister.2012","WEB8e0a7386",7.6647,51.3675,"WCE","Speleothem","Speleothem (other)",8161.8,6.69999999999982,6.69999999999982,"Winter","P","SISAL"
"75","BuntesMoor.Weirich.1980","RHdepztBsyM",11.14,47,"WCE","Pollen","Pollen (calibrated)",6190.69,75.6899999999996,78.895,"Annual","P","Marsicek et al. (2018)"
"76","BuracaGloriosa.Denniston.2017","S2LR419VKmTzO1",-8.7833,39.5333,"MED","Speleothem","Speleothem (d18O)",10541.2417,12.1658000000002,12.1278,"Annual","P-E","SISAL"
"77","BuracaGloriosa.Denniston.2017","S2LRCWCwYqedVC",-8.7833,39.5333,"MED","Speleothem","Speleothem (d13C)",10541.2417,12.1658000000002,12.1278,"Annual","P-E","SISAL"
"78","CalcitecaveMtLuxmoreFiordland.Lorrey.2008","S2LRGkmEev8vMC",167.74,-46.02,"NZ","Speleothem","Speleothem (d13C)",7594.088,137.05835,136.0358,"Annual","P-E","SISAL"
"79","Camp11.Brubaker.1975","M2Ltrcg8wszP",-88.02,46.67,"ENA","Pollen","Pollen (calibrated)",10475,321,353.5,"Annual","P","Marsicek et al. (2018)"
"80","CandelabraLake.Cwynar.1995","PYTDXV7NZNU",-130.65,61.68,"NWN","Pollen","Pollen (calibrated)",10800,191,170.5,"Annual","P","Arctic Holocene"
"81","CariacoBasin.Haug.2001","LPDe51c2779xxxx",-65.17,10.7,"NSA","Other","Other (not calibrated)",11888.63,5.5,5.5,"Summer","P","Other"
"82","Caribou-Qubec.Jett.1992","M2L6jup654qP",-64.94,48.2,"ENA","Pollen","Pollen (calibrated)",10420,349,540,"Annual","P","Marsicek et al. (2018)"
"83","CaribouHill.Lamb.1985","M2Lajk8ddlnP",-63.25,55.67,"NEN","Pollen","Pollen (calibrated)",6825,237.5,249,"Annual","P","Marsicek et al. (2018)"
"84","Carp.Barnosky.1985a","OLS_Rn9jxxYJDzK",-122.88,45.92,"WNA","Lake Deposits","Lake Deposits",10319,1149,8089,"Annual","P-E","Oxford Lake Levels Database"
"85","Carp.Whitlock.1985","M2Lslc7g79tP",-120.88,45.92,"WNA","Pollen","Pollen (calibrated)",10008.7,270.6,270.6,"Annual","P","Temp12k"
"86","CascadeFen.Maher.1963","M2L7bd99tq6P",-107.81,37.65,"WNA","Pollen","Pollen (calibrated)",6481.8,68.5,68.5,"Annual","P","Temp12k"
"87","Castor.Larouche.NA","M2Lm12xvg70P",-73,46.61,"ENA","Pollen","Pollen (calibrated)",10764,217,219,"Annual","P","Marsicek et al. (2018)"
"88","Castor.Nelson.2011","LPDd7e6276fxb",-119.56,48.54,"WNA","Other","Other (not calibrated)",5899,1,1,"Annual","P-E","Other"
"89","Castor.Nelson.2011","LPDd7e6276fxc",-119.56,48.54,"WNA","Other","Other (not calibrated)",5899,1,1,"Annual","P-E","Other"
"90","Castor.Nelson.2011","LPDd7e6276fcc",-119.56,48.54,"WNA","Lake Sediment d18O","Lake Sediment (d18O)",6026.1,4.90000000000055,4.92400000000001,"Annual","P-E","Other"
"91","CederbergMountains.Chase.2015","WEB46f71da9",19.22,-32.45,"WSAF","Other","Other (not calibrated)",11343.9,76.4999999999991,76.4999999999991,"Annual","P-E","Other"
"92","CESRZ_PWetQ.Chevalier.2017","pRAINCyEKVBKyz8PbI",28.87,-28.53,"ESAF","Pollen","Pollen (not calibrated)",12000,100,100,"Summer","P","Other"
"93","CH2.Garralla.1992","M2Ld624fgutP",-74.58,49.68,"ENA","Pollen","Pollen (calibrated)",8331,85,85,"Annual","P","Marsicek et al. (2018)"
"94","Chaaracave.AitBrahim.2018","S2LRU6xGJ9gjMj",-4.2461,33.9558,"MED","Speleothem","Speleothem (d18O)",9655.86520935441,10.8132572300001,10.82252479,"Winter","P-E","SISAL"
"95","Chaaracave.AitBrahim.2018","S2LROeXqCyQIUp",-4.2461,33.9558,"MED","Speleothem","Speleothem (d18O)",11618.407094511,6.55310316999976,6.86201185499988,"Winter","P-E","SISAL"
"96","ChallaLake.Damst.2012","WEB33e94f30",37.7,-3.3167,"SEAF","Other","Other (not calibrated)",11920,139.5,139.5,"Annual","P","Other"
"97","ChallaLake.Damst.2012","WEB66b05f19",37.7,-3.3167,"SEAF","Leaf Wax dD","Leaf Wax (dD)",11920,134.5,134.5,"Annual","P","Other"
"98","ChemchaneAderg.Chamard.1972","OLS_RajLAejX7H1",-12.12,21,"SAH","Lake Deposits","Lake Deposits",10319,1149,1145,"Annual","P-E","Oxford Lake Levels Database"
"99","Chenghai.Xu.2020","WEB2b92ddec",100.5,26.5,"EAS","Other","Other (not calibrated)",11719.31696,42.8352,41.6000000000004,"Annual","P-E","Other"
"100","Chichancanab.Covich.1974","OLS_R1MrJ3KJUqY",-88.75,19.5,"SCA","Lake Deposits","Lake Deposits",10319,1149,4879,"Annual","P-E","Oxford Lake Levels Database"
"101","Chichancanab.Hodell.1995","GH16551942",-88.75,19.8333,"SCA","Other","Other (not calibrated)",10910.975,20.5500000000002,20.5500000000002,"Summer","P-E","Other"
"102","Chichancanab.Hodell.1995","GH047d0e2d",-88.75,19.8333,"SCA","Other","Other (not calibrated)",10761.296,20.5500000000002,20.5500000000002,"Summer","P-E","Other"
"103","Chichancanab.Hodell.1995","GHce286279",-88.75,19.8333,"SCA","Lake Sediment d18O","Lake Sediment (d18O)",8182.527,20.5500000000002,20.5500000000002,"Summer","P-E","Other"
"104","Chichancanab.Hodell.1995","GHc5186b8c",-88.75,19.8333,"SCA","Lake Sediment d18O","Lake Sediment (d18O)",8182.527,20.5500000000002,20.5500000000002,"Summer","P-E","Other"
"105","Chiconahuapan.Tropical.1984","OLS_R2IDZP9z5wp",-99.67,19.13,"NCA","Lake Deposits","Lake Deposits",10319,1149,2115,"Annual","P-E","Oxford Lake Levels Database"
"106","ChihuahuenosBog.Anderson.2008","WEB742b158d",-106.51,36.0475,"WNA","Pollen","Pollen (not calibrated)",11767,87,76,"Winter","P-E","wNA"
"107","Chuna.Jones.2005","PYTI39I3N0G",32.48,67.95,"NEU","Pollen","Pollen (calibrated)",8818.77,216.4615,216.461,"Annual","P","Arctic Holocene"
"108","Clapeyret.deBeaulieu.1977","RA5sx3Q2K6l",7.24,44.15,"MED","Pollen","Pollen (calibrated)",9785.21,176.17,193.77,"Annual","P","Marsicek et al. (2018)"
"109","ClearLakeIA.Baker.1992","M2Lfxc0zvwqP",-93.43,43.13,"CNA","Pollen","Pollen (calibrated)",10577,221,216,"Annual","P","Marsicek et al. (2018)"
"110","ClearLakeIN.Bailey.1972","M2Lb1fvsd9xP",-86.54,41.64,"ENA","Pollen","Pollen (calibrated)",10778.2,253.1,337.4,"Annual","P","Marsicek et al. (2018)"
"111","ClearPond.Hussey.1993","M2Lk84d2fvqP",-78.95,33.8,"ENA","Pollen","Pollen (calibrated)",10811,160,160,"Annual","P","Marsicek et al. (2018)"
"112","ClelandLake.Steinman.2016","LPD7dc5b9ba",-116.39,50.83,"NWN","Lake Sediment d18O","Lake Sediment (d18O)",7555.2,3.29999999999973,3.29999999999973,"Winter","P-E","Other"
"113","ClelandLake.Steinman.2016","LPD87c74b66",-116.39,50.83,"NWN","Other","Other (not calibrated)",7555.2,3.29999999999973,3.29999999999973,"Winter","P-E","Other"
"114","Cleveland.Davis.1986","OLS_RI5wvure0uY",-114.5,42.5,"WNA","Lake Deposits","Lake Deposits",10319,1149,3904.5,"Annual","P-E","Oxford Lake Levels Database"
"115","Cochise.Damon.1963","OLS_Rtetfy6NJzz",-109.85,32.13,"NCA","Lake Deposits","Lake Deposits",10319,1149,2115,"Annual","P-E","Oxford Lake Levels Database"
"116","Compass.Macpherson.1986","M2Lxjv45cs6P",-56.2,50.03,"NEN","Pollen","Pollen (calibrated)",10790,181,187,"Annual","P","Marsicek et al. (2018)"
"117","Copley.Fall.1997","M2LombwlfxeP",-107.08,38.87,"WNA","Pollen","Pollen (calibrated)",10476,216,212,"Annual","P","Temp12k"
"118","Corchia.Regattieri.2014","WEB5f442d8b",10.22,43.98,"MED","Speleothem","Speleothem (other)",11430,10,10,"Annual","P-E","Other"
"119","Corser.Nichols.2014","PYTZYIC0QP8",-145.45,60.53,"NWN","Leaf Wax dD","Leaf Wax (dD)",11013,213,213,"Annual","P-E","Arctic Holocene"
"120","CottonwoodPassPond.Fall.1997","M2L41n12cadP",-106.41,38.83,"WNA","Pollen","Pollen (calibrated)",9193,262,277,"Annual","P","Temp12k"
"121","CovadaArcoia.Railsback.2011","S2LRP1bVgbttoT",-7.09,42.61,"MED","Speleothem","Speleothem (d13C)",9100,57.1802325499993,56.0901162749997,"Annual","P-E","SISAL"
"122","Creightonscave.Williams.2005","S2LR6TzTWmm4cO",172.47,-40.63,"NZ","Speleothem","Speleothem (d13C)",4787.1877,163.373299999999,169.69,"Annual","P-E","SISAL"
"123","CreviceLake.Whitlock.2012","WEBc734a518",-110.58,45,"WNA","Lake Sediment d18O","Lake Sediment (d18O)",9159,10,10,"Winter","P","wNA"
"124","Crooked.Engels.2012","NAm2kHydro208",-70.38,41.53,"ENA","Other","Other (not calibrated)",7916.572,143.3425,143.415,"Annual","P-E","Other"
"125","CuevadeAsiul.Smith.2016","S2LR9ZYusd9uRM",-3.59,43.32,"MED","Speleothem","Speleothem (d18O)",11508.716751917,2.84210435000023,2.84805020000022,"Winter","P","SISAL"
"126","CuevadeAsiul.Smith.2016","S2LR8y2zPv8frL",-3.59,43.32,"MED","Speleothem","Speleothem (d18O)",7771.50798135,6.10832099999971,6.10798499999964,"Winter","P","SISAL"
"127","CuevadelDiablo.Bernal.2011","S2LRXCjbJRsfv3",-99.921,18.192,"SCA","Speleothem","Speleothem (d18O)",9592,58,58,"Annual","P","SISAL"
"128","CuevadelDiamante.Cheng.2013","S2LRooDZAvI8UL",-77.5,-5.73,"NWS","Speleothem","Speleothem (d18O)",9555,57.5,61.5,"Summer","P","SISAL"
"129","CuevadelTigrePerdido.vanBreukelen.2008","S2LRmBVO3ZS9RQ",-77.3081,-5.9406,"NWS","Speleothem","Speleothem (d18O)",11957,20,20,"Summer","P","SISAL"
"130","CuevaVictoria.Budsky.2019","S2LR64Q0qhBLAC",-0.8215,37.6322,"MED","Speleothem","Speleothem (d13C)",4989.50070676,21.7213256049999,21.6853762199989,"Summer","P-E","SISAL"
"131","Dalmutladdo.Bjune.2004","PYT2BEJZUJ7",20.72,69.17,"NEU","Pollen","Pollen (calibrated)",10514,148,148,"Annual","P","Arctic Holocene"
"132","Dantecave.Sletten.2013","S2LRNNRQiP9T5J",17.8833,-19.4,"WSAF","Speleothem","Speleothem (d18O)",4600,12,13,"Summer","P","SISAL"
"133","Dantecave.Sletten.2013","S2LRU08Wwzef9a",17.8833,-19.4,"WSAF","Speleothem","Speleothem (d13C)",4600,12,13,"Summer","P-E","SISAL"
"134","DaQaidam.Qi.1981","OLS_RnNx75wT6Qd",95.2,38,"ECA","Lake Deposits","Lake Deposits",10319,1149,2252.5,"Annual","P-E","Oxford Lake Levels Database"
"135","Darkcave.Jiang.2013","S2LR1X4Pheb1ZE",106.1667,27.2,"EAS","Speleothem","Speleothem (d18O)",4325.26979507,24.3837769000002,24.368787185,"Summer","P","SISAL"
"136","DarzlubieForest.Polska-JasiewiczOwa.1996","ReFEWQNk5Mc",18.17,54.7,"WCE","Pollen","Pollen (calibrated)",10815.13,112.039999999999,111.435,"Annual","P","Marsicek et al. (2018)"
"137","Decoy.Szeicz.1991","M2Llk3o07vaP",-80.37,43.23,"ENA","Pollen","Pollen (calibrated)",10903,102,102,"Annual","P","Marsicek et al. (2018)"
"138","Deep.Marsicek.2013","NAm2kHydro215",-70.5778,41.6243,"ENA","Pollen","Pollen (calibrated)",11000,50,50,"Annual","P","Other"
"139","Delingha.Yang.2021","WEBe297c3e8",97.78,37.48,"ECA","Other","Other (calibrated)",6628,5,5,"Annual","P","Other"
"140","Delorme1.Bouchard.1982","M2Lnavcl7qqP",-69.92,54.42,"NEN","Pollen","Pollen (calibrated)",5645,361,361.5,"Annual","P","Marsicek et al. (2018)"
"141","Delorme2.Bouchard.1982","M2Ldgzz39jxP",-69.93,54.42,"NEN","Pollen","Pollen (calibrated)",6677,148,112,"Annual","P","Marsicek et al. (2018)"
"142","Demont.Kapp.NA","M2L4lk0oe4cP",-85,43.48,"ENA","Pollen","Pollen (calibrated)",10779,222.5,222,"Annual","P","Marsicek et al. (2018)"
"143","DeSotocaverns.Aharon.2013","S2LRaRacqzp90y",-86.3667,33.3722,"ENA","Speleothem","Speleothem (d18O)",4203.92626857886,1.55696202000036,1.55696202000036,"Annual","P","SISAL"
"144","Devils.Shuman.2016","M2LrgccxouoP",-89.73,43.42,"ENA","Pollen","Pollen (calibrated)",10865,111.8,111.8,"Annual","P","Marsicek et al. (2018)"
"145","DevonIslandGlacier.McAndrews.1984","M2L92hd3tfiP",-82.5,75.35,"NEN","Pollen","Pollen (calibrated)",8682,43,42,"Annual","P","Marsicek et al. (2018)"
"146","Didwana.Singh.1972","OLS_R4YTlXp5Scl",74.58,27.33,"SAS","Lake Deposits","Lake Deposits",10319,1149,4355,"Annual","P-E","Oxford Lake Levels Database"
"147","Disbeliefcave.Lorrey.2008","S2LRe4xCSSTpUK",177.52,-38.82,"NZ","Speleothem","Speleothem (d13C)",7059.5028,154.5664,156.89155,"Annual","P-E","SISAL"
"148","DobiHanle.Fontes.1973","OLS_RcDGJfqpBeC",42,11.5,"NEAF","Lake Deposits","Lake Deposits",10319,1149,1350,"Annual","P-E","Oxford Lake Levels Database"
"149","DolgoeLake.Wolfe.2000","PYTNDP0RV0M",127.07,71.87,"RAR","Lake Sediment d18O","Lake Sediment (d18O)",9940.7,306.3,306.3,"Annual","P-E","Arctic Holocene"
"150","DolgoeLake.Wolfe.2000","PYTISXSSSBC",127.07,71.87,"RAR","Pollen","Pollen (calibrated)",11918.2,216.95,217.825,"Annual","P","Arctic Holocene"
"151","DomeF.Uemura.2018","WEBc6552302",39.67,-77.3167,"EAN","Glacier Ice","Glacier Ice",11963.28,35.4899999999998,35.5799999999999,"Annual","P","Other"
"152","Donggecave.Yuan.2004","S2LRbPwlTL981A",108.0833,25.2833,"EAS","Speleothem","Speleothem (d18O)",8880,4,4,"Summer","P","SISAL"
"153","Donggecave.Yuan.2004","S2LRRAIihHA4uf",108.0833,25.2833,"EAS","Speleothem","Speleothem (d18O)",11998.1515,12.82125,12.163,"Summer","P","SISAL"
"154","Donvold.Nilssen.1983","RtYUoclBTNp",13.58,68.13,"NEU","Pollen","Pollen (calibrated)",9451.67,155.82,153.355,"Annual","P","Marsicek et al. (2018)"
"155","DosAnascave.Fensterer.2013","S2LR6km5mqhjli",-83.97,22.38,"CAR","Speleothem","Speleothem (d18O)",11938.3,5.69999999999982,6.29999999999927,"Summer","P","SISAL"
"156","DP30PC.Goudeau.2014","WEB11f584ef",17.8008,39.8345,"MED","Other","Other (not calibrated)",11991.14,21.9200000000001,21.9200000000001,"Annual","P","Other"
"157","Duck.Winkler.1982","OLS_RSzZCo2C7Xj",-70,41.93,"ENA","Lake Deposits","Lake Deposits",10319,1149,3155,"Annual","P-E","Oxford Lake Levels Database"
"158","Dune.Finney.2012","GHe9193cd5dp",-149.9,64.42,"NWN","Other","Other (not calibrated)",11321.849,16.6959999999999,16.716,"Annual","P-E","Other"
"159","Dura-Moor.Seiwald.1980","Rn7kW51cjVy",11.46,46.64,"WCE","Pollen","Pollen (calibrated)",10854.36,107.305,106.59,"Annual","P","Marsicek et al. (2018)"
"160","Eagle.Bradbury.1986b","OLS_RmAdBHcBBxv",146.5,-42.67,"SAU","Lake Deposits","Lake Deposits",10319,1149,2240,"Annual","P-E","Oxford Lake Levels Database"
"161","EC1.Gajewski.1993","M2Lo9gvqgkwP",-75.1,56.28,"NEN","Pollen","Pollen (calibrated)",6552,166,163.5,"Annual","P","Marsicek et al. (2018)"
"162","EC2.Gajewski.1991","M2Lr5wm8ssgP",-74.95,56.02,"NEN","Pollen","Pollen (calibrated)",6300,134,134,"Annual","P","Marsicek et al. (2018)"
"163","Edward.Russell.2003","LPDcaf92221",29.75,-0.4167,"SEAF","Other","Other (not calibrated)",5400,20,20,"Annual","P-E","Other"
"164","ELake.Ritchie.1976","M2Lnti1i67kP",-99.66,50.69,"NEN","Pollen","Pollen (calibrated)",10487,218.5,274,"Annual","P","Marsicek et al. (2018)"
"165","ElCondorcave.Cheng.2013","S2LRLfv6iCnPNE",-77.3,-5.93,"NWS","Speleothem","Speleothem (d18O)",6030,50,50,"Summer","P","SISAL"
"166","ElCondorcave.Cheng.2013","S2LRcMafCoSS3V",-77.3,-5.93,"NWS","Speleothem","Speleothem (d18O)",7670,130,130,"Summer","P","SISAL"
"167","Eldora.Maher.1969","M2Loyb6cjt9P",-105.58,39.94,"WNA","Pollen","Pollen (calibrated)",8630.9,175.4,184.65,"Annual","P","Temp12k"
"168","ElJunco.Colinvaux.1972","OLS_RGysUHCqwty",-89.45,-0.87,"EPO","Lake Deposits","Lake Deposits",10319,1149,3470,"Annual","P-E","Oxford Lake Levels Database"
"169","ElJunco.Zhang.2014","LS14ZHJU01A",-89.4833,-0.9,"EPO","Leaf Wax dD","Leaf Wax (dD)",9099.9,85.5,84,"Annual","P","Other"
"170","Elk.Dean.1984","OLS_RbCXxgX9u9f",-95.21,47.21,"CNA","Lake Deposits","Lake Deposits",10319,1174.5,3210,"Annual","P-E","Oxford Lake Levels Database"
"171","Elsinore.Kirby.2019","WEBc66a4fba",-117.3542,33.6733,"NCA","Lake Sediment d18O","Lake Sediment (d18O)",10892.1,14.8000000000006,14.8500000000004,"Summer","P","Other"
"172","Elsinore.Kirby.2019","WEBa4950857",-117.3542,33.6733,"NCA","Other","Other (not calibrated)",10894.6,10.5999999999995,10.5,"Winter","P","Other"
"173","ElSoplaocave.Rossi.2018","S2LRIixYo5wDj1",-4.3937,43.2962,"MED","Speleothem","Speleothem (d18O)",4008.1109091,12.51880342,12.5042735099996,"Annual","P","SISAL"
"174","Emerald.Shuman.2014","GHa731d22a",-106.406,39.152,"WNA","Other","Other (not calibrated)",11650,50,50,"Annual","P-E","Other"
"175","EmeraldLake.JimenezMoreno.2019","WEB5e2b610d",-106.406,39.1518,"WNA","Pollen","Pollen (not calibrated)",10251,165,174,"Winter","P-E","wNA"
"176","Ennadai-1.Nichols.1967","M2LyqvhaodqP",-100.9167,61.1667,"NEN","Pollen","Pollen (calibrated)",6028.2,207,207,"Annual","P","Arctic Holocene"
"177","Ennadai-2.Nichols.1975","M2Li8t1s270P",-100.95,61.24,"NEN","Pollen","Pollen (calibrated)",4756.2,31,31,"Annual","P","Marsicek et al. (2018)"
"178","EnneriBardague.Bottcher.1972","OLS_RphnQDokp38",17,21.5,"SAH","Lake Deposits","Lake Deposits",10319,1149,1120,"Annual","P-E","Oxford Lake Levels Database"
"179","EnosLake.Brown.2006","WEB10ea8a20",-124.15,49.28,"WNA","Pollen","Pollen (calibrated)",10405,153,152,"Annual","P","wNA"
"180","EPICADomeC.Stenni.2010","WEBdb3dc48a",123.3953,-75.1019,"EAN","Glacier Ice","Glacier Ice",11987.91183902,18.8105499999997,18.8076199999996,"Annual","P","Other"
"181","Etangd'yCorMontana.Welten.1982","RfxpILGWRtp",7.48,46.31,"WCE","Pollen","Pollen (calibrated)",10643.48,131.73,129.715,"Annual","P","Marsicek et al. (2018)"
"182","Euramoo.Kershaw.1970","OLS_Rr8es7LpU7s",145.63,-17.17,"NAU","Lake Deposits","Lake Deposits",10319,1149,2252.5,"Annual","P-E","Oxford Lake Levels Database"
"183","Fachi.Faure.1966","OLS_RKoQn911SXJ",11.67,18.12,"SAH","Lake Deposits","Lake Deposits",10319,1149,1172.5,"Annual","P-E","Oxford Lake Levels Database"
"184","FelkerLake.Galloway.2011","WEB30fe1262",-121.9953,51.95,"NWN","Other","Other (not calibrated)",10648.5,142.2,141.95,"Annual","P-E","wNA"
"185","Ferndale.Albert.1981","M2LjiqhzlxgP",-95.81,34.41,"CNA","Pollen","Pollen (calibrated)",7362,50,49,"Annual","P","Temp12k"
"186","Fiskebolvatnet.Balascio.2012","GH340eae2e",14.802,68.413,"NEU","Other","Other (not calibrated)",9114,20,20,"Annual","P-E","Other"
"187","Flarken.Berglund.1966","RxIZEYrqJdt",13.67,58.58,"NEU","Pollen","Pollen (calibrated)",10605.56,76.2200000000003,81.5499999999997,"Annual","P","Marsicek et al. (2018)"
"188","FlowerValley.Balascio.2013","GH2d478757dp",-37.69,65.61,"GIC","Leaf Wax dD","Leaf Wax (dD)",8252,313,318,"Summer","P-E","Other"
"189","FontaineHenry.Lespez.2008","RUctejGkQtc",-0.45,49.28,"WCE","Pollen","Pollen (calibrated)",4748,61.8100000000004,62.025,"Annual","P","Marsicek et al. (2018)"
"190","FortRock.Bedwell.1970","OLS_RHt0P2iCpt5",-120.75,43.17,"WNA","Lake Deposits","Lake Deposits",10319,1149,3734,"Annual","P-E","Oxford Lake Levels Database"
"191","FoyLake.Stone.2008","GH96f3a962",-114.4,48.2,"WNA","Other","Other (not calibrated)",10082.17,6,6.97499999999945,"Annual","P-E","Other"
"192","Frome.Bowler.1986","OLS_RTxbwsdvMwm",139.83,-30.75,"SAU","Lake Deposits","Lake Deposits",10319,1149,1120,"Annual","P-E","Oxford Lake Levels Database"
"193","Fucino.Giraudi.MS","OLS_RxuZP3d0SlG",13.55,42,"MED","Lake Deposits","Lake Deposits",10319,1217.5,2870,"Annual","P-E","Oxford Lake Levels Database"
"194","Fukugaguchicave.Sone.2013","S2LRjzNSFesB0T",137.8,36.9917,"EAS","Speleothem","Speleothem (d18O)",9997.247,6.3700000000008,6.3700000000008,"Winter","P","SISAL"
"195","Furongcave.T.-Y..2011","S2LR0spuNC2W1u",107.9036,29.2289,"EAS","Speleothem","Speleothem (d18O)",5857.85,33.9619047650003,34.78333333,"Summer","P","SISAL"
"196","Gass.Webb.1983","M2L3uoh070eP",-87.73,44.05,"ENA","Pollen","Pollen (calibrated)",10855,254,229,"Annual","P","Marsicek et al. (2018)"
"197","GB1.Gajewski.1991","M2Lcv0b40cmP",-75.25,55.11,"NEN","Pollen","Pollen (calibrated)",6390,324,324,"Annual","P","Marsicek et al. (2018)"
"198","GB2.Gajewski.1993","M2Ljlk4916zP",-75.28,56.1,"NEN","Pollen","Pollen (calibrated)",7169,118,113,"Annual","P","Marsicek et al. (2018)"
"199","GC2.Lamy.2010","WEB843e2ae7",-72.9295,-52.8103,"SSA","Pollen","Pollen (not calibrated)",11898.1,106.21,106.21,"Annual","P","Other"
"200","Gempabumicave.Krause.2019","S2LRaXy9OgKMGE",120,-5,"SEA","Speleothem","Speleothem (d18O)",11950,40,40,"Summer","P","SISAL"
"201","GeoB20610-2.Miller.2020","WEB8ffb0dbb",34.7257,-25.0449,"ESAF","Leaf Wax dD","Leaf Wax (dD)",6527.9,73.5,72.8,"Annual","P","Other"
"202","GeoB3910.Jaeschke.2007","WEB8a35bba5",-36.3,-4.2,"NES","Other","Other (not calibrated)",11520,40,40,"Annual","P-E","Other"
"203","GeoB4905.Weldeab.2005","WEB45411107",9.4,2.5,"CAF","Leaf Wax dD","Leaf Wax (dD)",11710,140,145,"Annual","P","Other"
"204","GeoB6518.Schefuss.2005","WEB2ba16237",11.2217,-5.5883,"CAF","Leaf Wax dD","Leaf Wax (dD)",11822,100,120,"Annual","P","Other"
"205","GeoB7920-2.Collins.2013","WEB20f89efc",-18.5817,20.7517,"SAH","Other","Other (not calibrated)",11209,306,306,"Annual","P","Other"
"206","GeoB8331_4","WEB594c5634",16.7165,-29.1353,"WSAF","Leaf Wax dD","Leaf Wax (dD)",9869,59.5,46.5,"Annual","P","Other"
"207","GeoB9307_3.Weldeab.2014","WEBf23684ea",37.38,-18.565,"ESAF","Leaf Wax dD","Leaf Wax (dD)",11707,168,168.5,"Annual","P","Other"
"208","George.Coventry.1976","OLS_RfoenkHHXTE",149.42,-35.08,"SAU","Lake Deposits","Lake Deposits",10319,1149,2252.5,"Annual","P-E","Oxford Lake Levels Database"
"209","George.Hutchinson.1981","OLS_Ree2SxMXXUS",-73.65,43.52,"ENA","Lake Deposits","Lake Deposits",10319,1149,2240,"Annual","P-E","Oxford Lake Levels Database"
"210","Giecz.Milecka.2002","RpYd7okuDNC",17.36,52.32,"WCE","Pollen","Pollen (calibrated)",8899.49,116.955,112.825,"Annual","P","Marsicek et al. (2018)"
"211","Giering.Bortenschlager.1976","RoQBLzSQYHp",12.36,47.47,"WCE","Pollen","Pollen (calibrated)",10782.9,154.110000000001,158.675,"Annual","P","Marsicek et al. (2018)"
"212","Gitanga.Bonnefille.2000","WEB1392075b",29.77,-3.7,"SEAF","Pollen","Pollen (calibrated)",11066,140,140,"Annual","P","Other"
"213","Glaswaldsee.EPD","REjj8NMSM7V",8.25,48.43,"WCE","Pollen","Pollen (calibrated)",9898.45,50.1349999999993,50.6099999999997,"Annual","P","Marsicek et al. (2018)"
"214","Gnotuk.Barton.1980","OLS_RSllKp5JECx",143.1,-38.22,"SAU","Lake Deposits","Lake Deposits",10319,1149,2384,"Annual","P-E","Oxford Lake Levels Database"
"215","GodziszewskieLake.Miotk.1986","RJaFOTa0XwG",18.55,54.09,"WCE","Pollen","Pollen (calibrated)",9308.78,83.8400000000001,83.52,"Annual","P","Marsicek et al. (2018)"
"216","Golhisar.Eastwood.2007","WEB488f78ac",29.5992,37.1157,"MED","Lake Sediment d18O","Lake Sediment (d18O)",10257,74,74,"Annual","P-E","Other"
"217","GondoAlpjen.Welten.1982","Rs3bI0g8Aq4",8.11,46.21,"WCE","Pollen","Pollen (calibrated)",6426.31,143.08,145.4,"Annual","P","Marsicek et al. (2018)"
"218","Gonghai.Ding.2017","WEBbc36fb7b",112.14,38.54,"EAS","Pollen","Pollen (calibrated)",11985,10,10,"Annual","P","Other"
"219","Gosciaz.Welten.1982","RGak7UeREOd",19.35,52.58,"WCE","Pollen","Pollen (calibrated)",10977.95,50.3099999999999,50.4449999999999,"Annual","P","Marsicek et al. (2018)"
"220","Goshen.Delcourt.1980","OLS_RQv9p2EkWQ6",-86.13,31.72,"ENA","Lake Deposits","Lake Deposits",10319,1149,3155,"Annual","P-E","Oxford Lake Levels Database"
"221","Gould.Anderson.2008","M2Lu2k2nnhdP",-69.32,44.98,"ENA","Pollen","Pollen (calibrated)",10918,225.5,233,"Annual","P","Marsicek et al. (2018)"
"222","GraechenSee.Krisai.2006","RskaxNZ40os",7.85,46.2,"WCE","Pollen","Pollen (calibrated)",8293.31,92.6100000000001,96.5800000000002,"Annual","P","Marsicek et al. (2018)"
"223","Graham.Fuller.1997","M2Lzsk1zcgbP",-77.35,45.18,"ENA","Pollen","Pollen (calibrated)",10979,39,39,"Annual","P","Marsicek et al. (2018)"
"224","GrandeBriere.Visset.1979","RIBzGLM5ejn",-2.25,47.37,"WCE","Pollen","Pollen (calibrated)",4698.07,115.88,116.39,"Annual","P","Marsicek et al. (2018)"
"225","GravelRidge.Lamb.1985","M2Lshgmsvh4P",-62.63,55.03,"NEN","Pollen","Pollen (calibrated)",7232,178,187,"Annual","P","Marsicek et al. (2018)"
"226","Grenadier.McAndrews.1988","M2Lo47ecl22P",-79.47,43.64,"ENA","Pollen","Pollen (calibrated)",4619,50,50,"Annual","P","Marsicek et al. (2018)"
"227","GreyIslands.Cullen.2002","M2Ljqtti73vP",-55.52,50.77,"NEN","Pollen","Pollen (calibrated)",10816,144,144,"Annual","P","Marsicek et al. (2018)"
"228","GRIP_accumulation.Vinther.2006","GHd57f7596",-37.63,72.58,"GIC","Glacier Ice","Glacier Ice",11990.435,3.5,3.59999999999991,"Annual","P","Other"
"229","GrottedePiste.AitBrahim.2018","S2LRUj7txiX4BK",-4.246,33.95,"MED","Speleothem","Speleothem (d18O)",11414.0067727601,11.5071392599993,11.5055865999998,"Winter","P-E","SISAL"
"230","Gunnarsfjorden.Allen.2007","PYTU06V9X6E",28.17,71.04,"NEU","Pollen","Pollen (not calibrated)",9091.922,98.5749999999998,98.5749999999998,"Summer","P","Arctic Holocene"
"231","Gunnarsfjorden.Allen.2007","WEBf55e2a4d",28.17,71.04,"NEU","Pollen","Pollen (not calibrated)",9091.922,98.5749999999998,99.7630000000004,"Winter","P","Arctic Holocene"
"232","Gunnarsfjorden.Allen.2007","WEB09437cc2",28.17,71.04,"NEU","Pollen","Pollen (calibrated)",9091.922,98.5749999999998,98.8949999999995,"Annual","P","Arctic Holocene"
"233","GunNuur.Chen.2008","GHa7a4074f",106.6,50.25,"ESB","Other","Other (not calibrated)",9200,50,500,"Annual","P-E","Other"
"234","Gunung-budacavesnailshellcave.Partin.2007","S2LRvbxKcEircj",114.48,4.02,"SEA","Speleothem","Speleothem (d18O)",11955,40,40,"Annual","P","SISAL"
"235","Haengstli.Heeb.1972","R6YaXazdGxd",7.83,46.79,"WCE","Pollen","Pollen (calibrated)",7622.67,156.545,157.030000000001,"Annual","P","Marsicek et al. (2018)"
"236","Hail.Cwynar.1995","PYTV2PX0LWU",-129.02,60.03,"NWN","Pollen","Pollen (calibrated)",11267,138,139,"Annual","P","Arctic Holocene"
"237","Hams.Bennett.1987","M2Lqo8054tzP",-80.41,43.24,"ENA","Pollen","Pollen (calibrated)",10840,120.5,128,"Annual","P","Marsicek et al. (2018)"
"238","Harding.Finkenbinder.2014","WEB6b4c459e",-146.85,64.42,"NWN","Other","Other (not calibrated)",11910,48,48,"Annual","P-E","Other"
"239","Harding.Finkenbinder.2014","WEBccba2853",-146.85,64.42,"NWN","Other","Other (not calibrated)",11900.8,9.59999999999945,9.60000000000036,"Annual","P-E","Other"
"240","Harrie.King.1986","M2L54vbu2i5P",-66.95,52.93,"NEN","Pollen","Pollen (calibrated)",6708,238.5,249,"Annual","P","Marsicek et al. (2018)"
"241","HassiElMejna.Fontes.1985","OLS_R2KxxymoXwo",2.3,31.5,"MED","Lake Deposits","Lake Deposits",10319,1149,1147.5,"Annual","P-E","Oxford Lake Levels Database"
"242","HavredeCrabec.Coutard.2006","R8W6jDGV91W",-1.28,49.68,"WCE","Pollen","Pollen (calibrated)",6832.87,127.29,127.29,"Annual","P","Marsicek et al. (2018)"
"243","HawkeHillsKettle.Macpherson.1982","M2Li113vmomP",-53.13,47.32,"NAO","Pollen","Pollen (calibrated)",7681,204,204,"Annual","P","Marsicek et al. (2018)"
"244","HealLake.Brown.2006","WEB7ec5f35f",-123.46,48.54,"WNA","Pollen","Pollen (calibrated)",10922,187,193,"Annual","P","wNA"
"245","HermitLake.Anderson.2018","WEBc47af866",-105.631,38.0879,"WNA","Pollen","Pollen (not calibrated)",11876,245,262,"Winter","P-E","wNA"
"246","Heshangcave.C..2008","S2LR984dImqQzT",110.4167,30.45,"EAS","Speleothem","Speleothem (d13C)",9470,2,2,"Summer","P","SISAL"
"247","HiddenLakeCO.Shuman.2009","GHf7751317",-106.607,40.505,"WNA","Other","Other (not calibrated)",7850,50,50,"Annual","P-E","Other"
"248","High.Fuller.1997","M2Lydw4f4fbP",-76.6,44.52,"ENA","Pollen","Pollen (calibrated)",10566,40.5,45,"Annual","P","Marsicek et al. (2018)"
"249","Hinterburgseeli.EPD","RMfVr02uVbM",8.07,46.72,"WCE","Pollen","Pollen (calibrated)",10918.27,143.79,149.43,"Annual","P","Marsicek et al. (2018)"
"250","HodellMiragoane1991","LPDfdd2a0239",-73.05,18.4,"CAR","Lake Sediment d18O","Lake Sediment (d18O)",11972.727,17.5920000000006,17.5920000000006,"Annual","P-E","Other"
"251","Hollywoodcave.Whittaker.2011","S2LR508v90zCF5",171.47,-41.95,"NZ","Speleothem","Speleothem (d13C)",4130.8113,11.49975,11.481,"Annual","P-E","SISAL"
"252","Honeymoon.Cwynar.1991","PYTTN37MLUC",-138.4,64.63,"NWN","Pollen","Pollen (calibrated)",10778,116.5,142,"Annual","P","Arctic Holocene"
"253","Hongyuan.Yu.2006","GH28d0af42",102.5167,32.7667,"EAS","Other","Other (not calibrated)",11470,20,20,"Summer","P","Other"
"254","Hook.Winkler.1985c","OLS_RpZvDDmAq2c",-89.33,42.95,"ENA","Lake Deposits","Lake Deposits",10319,1149,3590,"Annual","P-E","Oxford Lake Levels Database"
"255","HopeSimpson.Engstrom.1985","M2Lxlcip96qP",-56.43,52.45,"NEN","Pollen","Pollen (calibrated)",10517,213,213,"Annual","P","Marsicek et al. (2018)"
"256","Hoqcave.VanRampelbergh.2013","S2LRAwkFTDejje",54.3543,12.5866,"ARS","Speleothem","Speleothem (d18O)",5625.91,7.84799999999996,7.84799999999996,"Winter","P","SISAL"
"257","Hoqcave.VanRampelbergh.2013","S2LRYaQyDMwILZ",54.3543,12.5866,"ARS","Speleothem","Speleothem (d13C)",5625.91,7.84799999999996,7.84799999999996,"Winter","P","SISAL"
"258","Hoqcave.VanRampelbergh.2013","S2LRDg1jlgbIn8",54.3543,12.5866,"ARS","Speleothem","Speleothem (d18O)",4576.21,10.6200000000001,10.6200000000001,"Winter","P","SISAL"
"259","Hoqcave.VanRampelbergh.2013","S2LRpSzKt5ew3h",54.3543,12.5866,"ARS","Speleothem","Speleothem (d13C)",4576.21,10.6200000000001,10.6200000000001,"Winter","P","SISAL"
"260","Hovsgol.Chen.2008","GHae9e3b57",101.2,51,"ESB","Other","Other (not calibrated)",11000,50,1200,"Annual","P-E","Other"
"261","Huagapocave.Kanner.2013","S2LRBXVhP2hFuP",-75.79,-11.27,"NWS","Speleothem","Speleothem (d18O)",7155.053928,5,5,"Summer","P","SISAL"
"262","HulunLake.Wen.2009","LPDc4757948",117.5,49.13,"ESB","Pollen","Pollen (calibrated)",11009.2,73.2000000000007,73.2000000000007,"Annual","P","Other"
"263","HumberPond3.McAndrews.1989","M2L9li5gg0hP",-79.48,43.64,"ENA","Pollen","Pollen (calibrated)",4090,78,88.5,"Annual","P","Marsicek et al. (2018)"
"264","HumberPond5.McAndrews.1989","M2Lnjb6hznwP",-79.49,43.64,"ENA","Pollen","Pollen (calibrated)",3879,121,121,"Annual","P","Marsicek et al. (2018)"
"265","igelsjon..2003","GH2b67b601",13.7333,58.4667,"NEU","Lake Sediment d18O","Lake Sediment (d18O)",11435.957,54,54,"Annual","P-E","Other"
"266","Iglutalik.Kerwin.2004","M2Lzgqi66opP",-66.08,66.14,"NEN","Pollen","Pollen (calibrated)",8186.1,124.7,124.700000000001,"Annual","P","Arctic Holocene"
"267","Indian.Bjorck.1985","M2Ldizl0tj2P",-90.45,50.92,"NEN","Pollen","Pollen (calibrated)",4470,152,152,"Annual","P","Marsicek et al. (2018)"
"268","Irvin.Cushing.1982","M2Lmbsvr891P",-93.64,47.14,"CNA","Pollen","Pollen (calibrated)",10531,273,253,"Annual","P","Marsicek et al. (2018)"
"269","Isle.Hickman.1981","OLS_RvAYM4Zh3Pk",-114.43,52.62,"NWN","Lake Deposits","Lake Deposits",10319,1149,1145,"Annual","P-E","Oxford Lake Levels Database"
"270","Isokaerret.Asplund.1989","RF3IFPogbcL",22.13,60.22,"NEU","Pollen","Pollen (calibrated)",4231.68,102.76,102.76,"Annual","P","Marsicek et al. (2018)"
"271","Issyk.Chen.2008","GH351bb75d",87.29,47.2,"WSB","Other","Other (not calibrated)",8000,50,1450,"Annual","P-E","Other"
"272","IzabalLake.Duarte.2021","WEB8ba52da4",-89.23,15.53,"SCA","Other","Other (not calibrated)",9505.7,6.80000000000018,6.80000000000018,"Annual","P","Other"
"273","Jaragucave.Novello.2017","S2LRmFyj5UzbmJ",-56.583,-21.083,"SES","Speleothem","Speleothem (d18O)",11994.3571428571,3.49122807000003,3.49122807000003,"Summer","P","SISAL"
"274","Jasiel.EPD","R77mgh1hXzb",21.89,49.37,"WCE","Pollen","Pollen (calibrated)",10765.6,362.799999999999,365.47,"Annual","P","Marsicek et al. (2018)"
"275","Jeitacave.Cheng.2015","S2LRd51WDgJNht",35.65,33.95,"MED","Speleothem","Speleothem (d13C)",11628,5,5,"Annual","P-E","SISAL"
"276","Jiji.Bonnefille.2000","WEB1392075b-dup",29.67,-3.92,"SEAF","Pollen","Pollen (calibrated)",9317,143,143,"Annual","P","Other"
"277","Jiuxiancave.Cai.2010","S2LRCb8IVUAAAd",109.1,33.5667,"EAS","Speleothem","Speleothem (d18O)",11952,5,5,"Summer","P","SISAL"
"278","Jones.Shapley.2009","GH81e53153",-113.14,47.05,"WNA","Lake Sediment d18O","Lake Sediment (d18O)",11986.198,15,15,"Annual","P-E","Other"
"279","Kaartlamminsuo.Rankama.1988","RYqwbzRe3AB",24.22,60.73,"NEU","Pollen","Pollen (calibrated)",4741.17,76.55,76.525,"Annual","P","Marsicek et al. (2018)"
"280","Kansjon.EPD","RiDrOxktqUd",14.53,57.63,"NEU","Pollen","Pollen (calibrated)",10249.8,389.715,400.3,"Annual","P","Marsicek et al. (2018)"
"281","Karacacave.Rowe.2012","S2LRqRNA3Q5i5b",39.4029,40.5443,"MED","Speleothem","Speleothem (d18O)",5968.92,113.699999999999,113.699999999999,"Winter","P","SISAL"
"282","Karakul. Heinecke.2017","WEBc6ac156d",73.5327,39.0176,"WCA","Other","Other (not calibrated)",11544.9,141.7,141.65,"Annual","P-E","Other"
"283","KardashinskiSwamp.Kremenetski.1995","RcgXhFYBgsC",32.62,46.52,"WCE","Pollen","Pollen (calibrated)",8915.14,199.09,201.19,"Annual","P","Marsicek et al. (2018)"
"284","Karujarv.EPD","RqN5zaQkF2A",22.2,58.38,"NEU","Pollen","Pollen (calibrated)",7888.73,96.1900000000001,95.705,"Annual","P","Marsicek et al. (2018)"
"285","KatalekhorCave.Andrews.2020","WEB866a88a0",48.16,35.85,"WCA","Speleothem","Speleothem (d18O)",9341,31,32,"Winter","P","Other"
"286","KatalekhorCave.Andrews.2020","WEB1e4cc3cd",48.16,35.85,"WCA","Speleothem","Speleothem (d13C)",9341,31,30,"Annual","P-E","Other"
"287","Keele.Szeicz.1995","M2Lqujf1ttdP",-127.62,64.17,"NWN","Pollen","Pollen (calibrated)",10888,275.4,275.4,"Annual","P","Temp12k"
"288","Keilambete.Bowler.1970","OLS_Rwm0onKGDHv",142.87,-38.04,"SAU","Lake Deposits","Lake Deposits",10319,1149,3155,"Annual","P-E","Oxford Lake Levels Database"
"289","Kenosee.Porter.1992","M2Leq6uupjdP",-102.3,49.82,"CNA","Pollen","Pollen (calibrated)",5444,203,203,"Annual","P","Marsicek et al. (2018)"
"290","Kesangcave.Cheng.2016","S2LRPxXg9IPqUc",81.75,42.87,"ECA","Speleothem","Speleothem (d13C)",9885,30,30,"Annual","P-E","SISAL"
"291","KettleHole.Collins.1968","OLS_Ro4FH6vkuLB",-95,43,"CNA","Lake Deposits","Lake Deposits",10319,1149,2010,"Annual","P-E","Oxford Lake Levels Database"
"292","KeystoneIronbog.Fall.1985","M2Lfvmhi20qP",-107.03,38.87,"WNA","Pollen","Pollen (calibrated)",8921,311,311,"Annual","P","Marsicek et al. (2018)"
"293","Kirchner.Brugam.1980","OLS_Rcoxn5kpPMy",-92.77,44.83,"CNA","Lake Deposits","Lake Deposits",10319,1149,2010,"Annual","P-E","Oxford Lake Levels Database"
"294","KirmanLake.MacDonald.2016","LPD41437034",-119.4997,38.34,"WNA","Other","Other (not calibrated)",8887,27,27,"Annual","P-E","Other"
"295","KirmanLake.MacDonald.2016","LPD912708fe",-119.4997,38.34,"WNA","Other","Other (not calibrated)",8887,27,27,"Annual","P-E","Other"
"296","KiteLake.JimenezMoreno.2012","WEB3b8af65c",-106.1298,39.3295,"WNA","Pollen","Pollen (not calibrated)",11848,48,47.9820000000002,"Winter","P-E","wNA"
"297","Kivu.Olsson.1959","OLS_R4Ijw8OPsjM",29,-2,"SEAF","Lake Deposits","Lake Deposits",10319,1149,2384,"Annual","P-E","Oxford Lake Levels Database"
"298","KNI-51.Denniston.2013","S2LRhTtQNZMrVu",128.62,-15.3,"NAU","Speleothem","Speleothem (d18O)",11960.746,3,3,"Summer","P","SISAL"
"299","KoeycegizGoelue.EPD","Rqcmhkc84zk",28.64,36.88,"MED","Pollen","Pollen (calibrated)",5437.34,92.0600000000004,92.0700000000001,"Annual","P","Marsicek et al. (2018)"
"300","kortlanda..2008","GHf3b09a00",12.2883,59.85,"NEU","Other","Other (not calibrated)",9533,42,42,"Annual","P-E","Other"
"301","Kotumsarcave.Kaushal.2018","S2LRzUOF7LRvIn",82,19,"SAS","Speleothem","Speleothem (d18O)",6438.8019,1.75550000000021,1.75440000000026,"Summer","P","SISAL"
"302","KR02.Peros.2008","PYT4D9VTHOK",-113.78,71.34,"NWN","Pollen","Pollen (calibrated)",10085.597,160.44,160.445,"Annual","P","Arctic Holocene"
"303","LacColin.Mott.1977","M2Lypxi0bc4P",-70.3,46.72,"ENA","Pollen","Pollen (calibrated)",10733,275,275,"Annual","P","Marsicek et al. (2018)"
"304","LacFaribault.Larouche.1981","M2Lkadbwg06P",-71.72,58.87,"NEN","Pollen","Pollen (calibrated)",3950,155.5,164,"Annual","P","Marsicek et al. (2018)"
"305","LacGras.King.1986","M2L0pqh2gexP",-67.07,52.25,"NEN","Pollen","Pollen (calibrated)",7108,261,261,"Annual","P","Marsicek et al. (2018)"
"306","LacLeonard.Labelle.1984","M2L5xf0iis6P",-65.81,49.21,"ENA","Pollen","Pollen (calibrated)",9268,292,292,"Annual","P","Marsicek et al. (2018)"
"307","LacMartyne.McAndrews.NA","M2L06pliv5jP",-64.83,56.78,"NEN","Pollen","Pollen (calibrated)",6752,273,273,"Annual","P","Marsicek et al. (2018)"
"308","LacMeleze.MacDonald.1987","M2L0p5755rpP",-126.12,65.22,"NWN","Pollen","Pollen (calibrated)",10322,204,204,"Annual","P","Temp12k"
"309","LacPatricia.McAndrews.1983","M2Lqxtx96svP",-64.68,56.67,"NEN","Pollen","Pollen (calibrated)",5469,142,142,"Annual","P","Marsicek et al. (2018)"
"310","LacPetel.King.1986","M2Lyvvn8kn0P",-66.27,50.55,"NEN","Pollen","Pollen (calibrated)",8355,273,273,"Annual","P","Marsicek et al. (2018)"
"311","Ladd.Shane.1993","M2Ltpl9tpm9P",-84.75,41.42,"ENA","Pollen","Pollen (calibrated)",10803.7,205.7,244.8,"Annual","P","Marsicek et al. (2018)"
"312","LagodeAjo.Allen.1996","Rx5AiWN5ofW",-6.15,43.05,"MED","Pollen","Pollen (calibrated)",10922.44,128.37,128.37,"Annual","P","Marsicek et al. (2018)"
"313","LagoDellAccesa.Finsinger.2010","LPDba471ae7",10.8972,42.9888,"MED","Pollen","Pollen (not calibrated)",6970,82,82,"Summer","P","Other"
"314","LagoPuertoArturo.Wahl.2014","WEBd1a317bc",-90.183,17.533,"SCA","Lake Sediment d18O","Lake Sediment (d18O)",8267,31,31,"Annual","P-E","wNA"
"315","LagoRogaguado_LR400.Brugger.2016","WEB4362aee7",-65.9486,-13.0508,"SAM","Other","Other (not calibrated)",8087,136.5,134,"Annual","P-E","Other"
"316","LagoUmayo.Baker.2009","WEB3a01bea5",-70.1,-15.44,"SAM","Lake Sediment d18O","Lake Sediment (d18O)",6529,7,7,"Annual","P","Other"
"317","LaGuitarra.Melief.1985","OLS_RusPjLSBZcB",-74,3.87,"NWS","Lake Deposits","Lake Deposits",10319,1192,2069,"Annual","P-E","Oxford Lake Levels Database"
"318","LagunaDeAljojuca.Bhattacharya.2015","LPD5627de74",-97.5338,19.0915,"SCA","Lake Sediment d18O","Lake Sediment (d18O)",4127.1,12.7999999999999,12.7999999999997,"Annual","P-E","Other"
"319","LagunaDeJuanacatlan.Jones.2015","LPD91196716",-104.7364,20.6293,"NCA","Other","Other (not calibrated)",5773,1,1,"Annual","P","wNA"
"320","LagunadeUbaque.Bird.2017","WEB5699be91",-73.935,4.499,"NWS","Other","Other (not calibrated)",4653.5,9,9,"Annual","P","Other"
"321","LagunadeUbaque.Bird.2017","WEBfdaf6c10",-73.935,4.499,"NWS","Other","Other (not calibrated)",4653.5,9,10,"Annual","P-E","Other"
"322","LagunaLaGaiba.Fornace.2016","WEBeab5d1e0",-57.72,-17.77,"SAM","Other","Other (not calibrated)",41.1,1.2,1.15,"Annual","P-E","Other"
"323","LagunaMandiore.Mayle.2019","WEBed535db2",-57.5627,-18.0918,"SAM","Pollen","Pollen (not calibrated)",8828,293,289,"Annual","P-E","Other"
"324","LagunaPumacocha.Bird.2011","WEB98bf1888",-76.0605,-10.7002,"NWS","Other","Other (not calibrated)",11142.38,2.34999999999991,2.38,"Summer","P","Other"
"325","LagunaSaladaChiprana.EPD","RW53C7v5an2",-0.17,41.23,"MED","Pollen","Pollen (calibrated)",7371.89,167.43,167.43,"Annual","P","Marsicek et al. (2018)"
"326","LakeAspvatnet_precip.Bakke.2005","GH0a936972",19.98,69.73,"NEU","Other","Other (not calibrated)",12000,100,100,"Winter","P","Other"
"327","LakeEdward.Russell.2005","WEB579775e5",29.75,-0.4167,"SEAF","Other","Other (not calibrated)",5400,20,20,"Annual","P-E","Other"
"328","LakeMuzi.Humphries.2019","WEBfb1da3c4",32.408,-27.6,"ESAF","Other","Other (not calibrated)",5558.5,14.7999999999997,14.7999999999997,"Annual","P-E","Other"
"329","LakeMuzi.Humphries.2019","WEB039f5197",32.408,-27.6,"ESAF","Other","Other (not calibrated)",5558.5,14.7999999999997,11.6,"Annual","P","Other"
"330","LakeOfTheWoods.Pribyl.2014","GH20782a02",-109.8933,43.4822,"WNA","Other","Other (not calibrated)",11950,50,50,"Annual","P-E","wNA"
"331","LakeVan.Chen.2008","GH7fd4a6f1",43.2,38.4,"WCA","Other","Other (not calibrated)",11000,50,450,"Annual","P-E","Other"
"332","LakeVictoriaPilkingtonBay.Stager.2003","WEBd1f64e69",33.3333,0.3,"SEAF","Other","Other (not calibrated)",10056,23,23,"Annual","P-E","Other"
"333","Lapagrandecave.Strikis.2011","S2LRdNK2vfJIac",-44.28,-14.37,"NES","Speleothem","Speleothem (d18O)",8910.079,9.40000000000055,9.64250000000038,"Summer","P","SISAL"
"334","LB1.Gajewski.1993","M2Lydj1m74xP",-75.62,57.92,"NEN","Pollen","Pollen (calibrated)",6924,141,141,"Annual","P","Marsicek et al. (2018)"
"335","Leake.Dodson.1974b","OLS_RzRHx3ZG7y7",140.57,-37.62,"SAU","Lake Deposits","Lake Deposits",10319,1149,5740,"Annual","P-E","Oxford Lake Levels Database"
"336","Leconte.Hubbs.1960","OLS_Rt3bq8OIkfc",-116,33.33,"NCA","Lake Deposits","Lake Deposits",10319,1149,1149,"Annual","P-E","Oxford Lake Levels Database"
"337","Lednica-1.Makohonienko.1991","RMYKjBcihTx",17.39,52.56,"WCE","Pollen","Pollen (calibrated)",10036.34,125.39,123.53,"Annual","P","Marsicek et al. (2018)"
"338","Lednica-2.Litt.1991","RuZIKXeeBFK",17.39,52.56,"WCE","Pollen","Pollen (calibrated)",9919.6,89.8699999999999,90.0699999999997,"Annual","P","Marsicek et al. (2018)"
"339","LeFourneau.Barbier.1999","R4F5nCGrp6d",-0.19,48.44,"WCE","Pollen","Pollen (calibrated)",10840.99,306.76,306.76,"Annual","P","Marsicek et al. (2018)"
"340","LeGrandLemps.Clerc.1988","RNNwOGu1zNQ",5.42,45.47,"WCE","Pollen","Pollen (calibrated)",10850.52,28.2800000000007,28.2800000000007,"Annual","P","Marsicek et al. (2018)"
"341","Lehmancaves.Lachniet.2014","S2LRBsC6hoSiak",-114.22,39.01,"WNA","Speleothem","Speleothem (d13C)",7610,52,52,"Winter","P-E","SISAL"
"342","LehmanCaves.Steponaitis.2015","WEB753b9479",-114.22,39.01,"WNA","Speleothem","Speleothem (other)",7472,97,221,"Winter","P-E","Other"
"343","Leviathancave.Lachniet.2014","S2LRO9D73hbg4x",-115.58,37.89,"WNA","Speleothem","Speleothem (d13C)",11950,50,50,"Annual","P-E","SISAL"
"344","LiangLuar.Griffiths.2016","S2LRgwWVs7MIO3",120.43,-8.53,"SEA","Speleothem","Speleothem (d18O)",12000,100,100,"Summer","P","SISAL"
"345","LianhuacaveHunan.Cosford.2008","S2LRig6NPgl5Aq",109.5333,29.48,"EAS","Speleothem","Speleothem (d18O)",11792,10,10,"Summer","P","SISAL"
"346","LianhuacaveShanxi.Dong.2018","S2LRbRVYOu2hWu",113.7167,38.1667,"EAS","Speleothem","Speleothem (d18O)",11749,21,21,"Summer","P","SISAL"
"347","LiivjarveBog.Koff.1989","Rk85JTjaeFR",27.58,59.22,"NEU","Pollen","Pollen (calibrated)",10304.47,133.04,131.82,"Annual","P","Marsicek et al. (2018)"
"348","Lily.Cwynar.1990","PYTS71USULB",-135.3953,59.2026,"NWN","Pollen","Pollen (calibrated)",11910,159,146.5,"Annual","P","Arctic Holocene"
"349","LimeLake.Steinman.2016","LPDd6c25776",-117.338,48.874,"WNA","Lake Sediment d18O","Lake Sediment (d18O)",7763.4,13.8,13.85,"Winter","P-E","Other"
"350","LimeLake.Steinman.2016","LPD17fc7c77",-117.338,48.874,"WNA","Other","Other (not calibrated)",7763.4,13.8,13.85,"Winter","P-E","Other"
"351","Limnoncave.Peckover.2019","S2LR8AEiambOvz",22.1403,37.9605,"MED","Speleothem","Speleothem (d13C)",5233.57691594,13.62611689,13.6096427900002,"Annual","P-E","SISAL"
"352","Lingreville.Billard.1995","R3vD0CqGzfQ",-1.54,48.93,"WCE","Pollen","Pollen (calibrated)",3981.41,28.9100000000001,28.9100000000001,"Annual","P","Marsicek et al. (2018)"
"353","LisanDeadSea.Vogel.1972","OLS_Rz4NEhuh5D0",35.5,31.5,"MED","Lake Deposits","Lake Deposits",10319,1149,915,"Annual","P-E","Oxford Lake Levels Database"
"354","Little.Whitlock.1995","M2Lcr8uiytaP",-123.58,44.17,"WNA","Pollen","Pollen (calibrated)",10067,279,282,"Annual","P","Temp12k"
"355","LittleBass.Swain.NA","M2L71dcvhjbP",-93.6,47.29,"CNA","Pollen","Pollen (calibrated)",10468,335,334,"Annual","P","Marsicek et al. (2018)"
"356","LittleLochRoag.Birks.1979","RWiaiYI7DXC",-6.88,58.13,"NEU","Pollen","Pollen (calibrated)",9737.57,248.34,245.65,"Annual","P","Marsicek et al. (2018)"
"357","LittlePondRoyalston.Marsicek.2013","WEB663bb1d8",-72.19,42.68,"ENA","Pollen","Pollen (calibrated)",11000,50,50,"Annual","P","Temp12k"
"358","LittleSalt.Clausen.1979","OLS_RCNyAgAKwud",-82.17,27,"ENA","Lake Deposits","Lake Deposits",10319,1149,3155,"Annual","P-E","Oxford Lake Levels Database"
"359","LittleWindy.Minckley.2012","GHeca74745",-106.33,41.43,"WNA","Other","Other (not calibrated)",11950,50,50,"Annual","P-E","Other"
"360","Lobsigensee.Ammann.1985","RXBhHyr0eCR",7.3,47.03,"WCE","Pollen","Pollen (calibrated)",10289.48,62.3650000000002,66.1300000000001,"Annual","P","Marsicek et al. (2018)"
"361","LoneFoxLake.MacDonald.1985","M2Lpv8aaeszP",-119.72,56.72,"NWN","Pollen","Pollen (calibrated)",10524.9,326.65,326.7,"Annual","P","Temp12k"
"362","LoonPond.Jacobson.Ja","M2Lf430lmdyP",-68.2,45.03,"ENA","Pollen","Pollen (calibrated)",10289.1,234.2,234.2,"Annual","P","Marsicek et al. (2018)"
"363","LouisePond.Mathewes.1994","M2L8oedfsdzP",-131.76,52.95,"NWN","Pollen","Pollen (calibrated)",10912.3,217.1,261.199999999999,"Annual","P","Temp12k"
"364","LowderCreekBog.Anderson.1999","WEB506ba549",-112.7749,37.6644,"WNA","Pollen","Pollen (not calibrated)",11423,384,383.5,"Winter","P-E","wNA"
"365","LowerBearLake.Kirby.2012","GH44c0a9bf",-116.9,34.2,"WNA","Other","Other (not calibrated)",8880.39,17.2599999999993,17.2599999999993,"Annual","P","Other"
"366","LR01.Gajewski.1993","PYTKX89ERPK",-75.25,58.58,"NEN","Pollen","Pollen (calibrated)",7474,354.5,366,"Annual","P","Arctic Holocene"
"367","LR1.Gajewski.1993","M2L31k93odjP",-75.25,58.583,"NEN","Pollen","Pollen (calibrated)",7482,351.5,351.5,"Annual","P","Marsicek et al. (2018)"
"368","LR3.Gajewski.1992","M2LfgvbpzqcP",-75.25,58.58,"NEN","Pollen","Pollen (calibrated)",5722,299,545,"Annual","P","Marsicek et al. (2018)"
"369","LS06MIBO","LS06MIBO10a",87.0755,42.0155,"ECA","Lake Sediment d18O","Lake Sediment (d18O)",8112,60,60,"Annual","P-E","iso2k"
"370","LS07EAGO","LS07EAGO01",29.6,37.12,"MED","Lake Sediment d18O","Lake Sediment (d18O)",10398.3,73.7000000000007,73.7999999999993,"Annual","P-E","iso2k"
"371","LS09MAAS","LS09MAAS",39.4833,12.5833,"NEAF","Lake Sediment d18O","Lake Sediment (d18O)",11957,60,60,"Annual","P-E","iso2k"
"372","LS09MIKU","LS09MIKU01a",99.17,35.3,"TIB","Lake Sediment d18O","Lake Sediment (d18O)",6152,114,106,"Annual","P-E","iso2k"
"373","LS10ANBL","LS10ANBL01a",14.65,62,"NEU","Lake Sediment d18O","Lake Sediment (d18O)",4377.95538,54.8176035,54.862469,"Summer","P-E","iso2k"
"374","LS10HESA","LS10HESA",27.67,62.25,"NEU","Lake Sediment d18O","Lake Sediment (d18O)",9752,67.5,67,"Annual","P-E","iso2k"
"375","LS12GOBA","LS12GOBA01a",115.51,-32.001,"SAU","Lake Sediment d18O","Lake Sediment (d18O)",7296.433333,85.8252499999999,78.6731454999999,"Annual","P-E","iso2k"
"376","LS13LUBA","LS13LUBA01a",92.8142,43.6375,"ECA","Lake Sediment d18O","Lake Sediment (d18O)",8297,105,105,"Annual","P-E","iso2k"
"377","LS14YAHA","LS14YAHA02a",97.58,38.3,"ECA","Lake Sediment d18O","Lake Sediment (d18O)",8679.7,94.3999999999996,94.3999999999999,"Annual","P-E","iso2k"
"378","LS15OEPO","LS15OEPO01a",-70.38,-51.95,"SSA","Lake Sediment d18O","Lake Sediment (d18O)",9280,18,18,"Annual","P-E","iso2k"
"379","LS99CUVA","LS99CUVAc",-67.75,10.1667,"NSA","Lake Sediment d18O","Lake Sediment (d18O)",9745.671,40.6000000000001,40.65,"Annual","P-E","Other"
"380","Lubbock.Green.1962","OLS_RF4kqHZt5Ej",-101.9,33.63,"CNA","Lake Deposits","Lake Deposits",10319,1149,1605,"Annual","P-E","Oxford Lake Levels Database"
"381","Luganskoe.Kvavadze.1994","R0bkFgrHBE6",40.69,43.73,"WCA","Pollen","Pollen (calibrated)",5256.16,155.58,155.58,"Annual","P","Marsicek et al. (2018)"
"382","LynchsCrater.Kershaw.1974","OLS_RFZ5ftnO2t2",145.7,-17.37,"NAU","Lake Deposits","Lake Deposits",10319,1149,2240,"Annual","P-E","Oxford Lake Levels Database"
"383","Lynn.Nichols.1967","M2Lckizgk8rP",-101.04,56.84,"NEN","Pollen","Pollen (calibrated)",7113.8,185,183,"Annual","P","Marsicek et al. (2018)"
"384","M125-67-4.Bahr.2021","WEB4b390c30",-38.9133,-15.2828,"NES","Other","Other (not calibrated)",5059.8,6.89999999999998,7,"Annual","P-E","Other"
"385","M77_2_059_1.N_rnberg.2015","WEB8c583cb8",-81.32,-3.9504,"NWS","Other","Other (not calibrated)",11787.8330208,17.2950000000001,17.2950000000001,"Annual","P","Other"
"386","MacalChasm.Akers.2016","S2LR9DSUVgi2FG",-89.108,16.883,"SCA","Speleothem","Speleothem (d18O)",5239.2,3.59999999999991,3.80000000000007,"Annual","P","SISAL"
"387","MacalChasm.Akers.2016","S2LRE5ZXEOA0gV",-89.108,16.883,"SCA","Speleothem","Speleothem (d13C)",5239.2,3.59999999999991,3.70000000000005,"Annual","P-E","SISAL"
"388","MagadiNatron.Butzer.1972","OLS_Rl1U1UXxAIf",36.04,-2.12,"SEAF","Lake Deposits","Lake Deposits",10319,1149,1200,"Annual","P-E","Oxford Lake Levels Database"
"389","MaleshevskaBog.Tonkov.1992","RXSKAcyy1l1",23.03,41.7,"MED","Pollen","Pollen (calibrated)",7701.18,57.6900000000001,57.6900000000001,"Annual","P","Marsicek et al. (2018)"
"390","Manyara.Holdship.1976","OLS_Rrt4iAcWTIK",35.82,-3.62,"SEAF","Lake Deposits","Lake Deposits",10319,1149,2010,"Annual","P-E","Oxford Lake Levels Database"
"391","MaraisdeKeswick.Larouche.1986","M2L8ki38i50P",-79.51,44.2,"ENA","Pollen","Pollen (calibrated)",4281,71,118,"Annual","P","Marsicek et al. (2018)"
"392","Marcella.Anderson.2007","LPD43c710a2",-133.8055,60.0733,"NWN","Lake Sediment d18O","Lake Sediment (d18O)",4732,29,29,"Summer","P-E","Other"
"393","Marion.Mathewes.1973","M2Lx9moy4tqP",-122.5483,49.3106,"WNA","Pollen","Pollen (calibrated)",10484,89,107,"Annual","P","wNA"
"394","Marshes.Dodson.1975","OLS_RwaxBazPrpS",140.53,-37.62,"SAU","Lake Deposits","Lake Deposits",10319,1149,3210,"Annual","P-E","Oxford Lake Levels Database"
"395","Mawmluhcave.Berkelhammer.2013","S2LRjdxDZIRfvJ",91.8817,25.2622,"SAS","Speleothem","Speleothem (d18O)",8346,6,6,"Summer","P","SISAL"
"396","Mawmluhcave.Berkelhammer.2013","S2LR7XglDiUCAP",91.8817,25.2622,"SAS","Speleothem","Speleothem (d18O)",6431.96,58.79,58.79,"Summer","P","SISAL"
"397","Mawmluhcave.Berkelhammer.2013","S2LR8MbMTROPjI",91.8817,25.2622,"SAS","Speleothem","Speleothem (d18O)",5481.36271769,5.95300943500024,5.95970205499998,"Summer","P","SISAL"
"398","Mawmluhcave.Berkelhammer.2013","S2LRE4ZUFzdUQT",91.8817,25.2622,"SAS","Speleothem","Speleothem (d18O)",5336.46755309,27.3271125299998,27.2570019099999,"Summer","P","SISAL"
"399","MD02-2553.Poore.2009","WEBd4917199",-91.4167,27.1835,"CNA","Other","Other (not calibrated)",9042.493,31.2299999999996,29.2849999999994,"Summer","P","wNA"
"400","MD99-2266.Moossen.2015","WEBbe8b843b",-23.2655,66.2295,"GIC","Leaf Wax dD","Leaf Wax (dD)",10030,31,31,"Summer","P","Other"
"401","MD99-2266.Moossen.2015","WEB11e36a24",-23.2655,66.2295,"GIC","Leaf Wax dD","Leaf Wax (dD)",10423,25,26,"Summer","P","Other"
"402","MD99-2266.Moossen.2015","WEBeac28b13",-23.2655,66.2295,"GIC","Other","Other (not calibrated)",10434,26,26,"Summer","P","Other"
"403","MeliLake.Anderson.2001","WEBe0e75109",-149.075,68.6836,"NWN","Lake Sediment d18O","Lake Sediment (d18O)",8654.6,366.6,370.1,"Annual","P-E","Other"
"404","Mendota.Winkler.1983","OLS_Rxv9LmnnQsQ",-89.42,43.1,"ENA","Lake Deposits","Lake Deposits",10319,1149,2252.5,"Annual","P-E","Oxford Lake Levels Database"
"405","Mendota.Winkler.1986","M2Lh6gv77keP",-89.42,43.1,"ENA","Pollen","Pollen (calibrated)",10215,334,334,"Annual","P","Marsicek et al. (2018)"
"406","Menez-Cam.VanZeist.1964","RPqesdhKH1b",-3.5,48.25,"WCE","Pollen","Pollen (calibrated)",4980.82,107.29,107.29,"Annual","P","Marsicek et al. (2018)"
"407","Mexico.Limbrey.1976","OLS_RTsihKwmPMu",-99,19.5,"NCA","Lake Deposits","Lake Deposits",10319,1149,1147,"Annual","P-E","Oxford Lake Levels Database"
"408","MiddenCluster1.Harbert.2018","WEB613ee041",-110.1304,37.9049,"WNA","Other","Other (calibrated)",11174,27,27,"Annual","P","wNA"
"409","MiddenCluster1.Harbert.2018","WEB25ae3120",-110.1304,37.9049,"WNA","Other","Other (calibrated)",11174,27,27,"Annual","P-E","wNA"
"410","MiddenCluster2.Harbert.2018","WEB85c563b9",-115.1879,36.3806,"WNA","Other","Other (calibrated)",11746,94.5,97,"Annual","P","wNA"
"411","MiddenCluster2.Harbert.2018","WEBc9823492",-115.1879,36.3806,"WNA","Other","Other (calibrated)",11746,94.5,103,"Annual","P-E","wNA"
"412","MiddenCluster3.Harbert.2018","WEBb09859f3",-108.0819,36.0589,"WNA","Other","Other (calibrated)",7568,325,308,"Annual","P","wNA"
"413","MiddenCluster3.Harbert.2018","WEB7f9af5c1",-108.0819,36.0589,"WNA","Other","Other (calibrated)",7568,325,308,"Annual","P-E","wNA"
"414","MiddenCluster4.Harbert.2018","WEB05240426",-112.7451,43.6488,"WNA","Other","Other (calibrated)",6645,317.5,329,"Annual","P","wNA"
"415","MiddenCluster4.Harbert.2018","WEB7a49dd55",-112.7451,43.6488,"WNA","Other","Other (calibrated)",6645,317.5,317.5,"Annual","P-E","wNA"
"416","MiddenCluster5.Harbert.2018","WEB773f70f5",-106.0203,32.4659,"NCA","Other","Other (calibrated)",7670,105.5,87,"Annual","P","wNA"
"417","MiddenCluster5.Harbert.2018","WEBf0c97cde",-106.0203,32.4659,"NCA","Other","Other (calibrated)",7670,105.5,87,"Annual","P-E","wNA"
"418","MiddenCluster6.Harbert.2018","WEBf3bcbd67",-106.0203,32.4659,"NCA","Other","Other (calibrated)",11403,185,214,"Annual","P","wNA"
"419","MiddenCluster6.Harbert.2018","WEBc7c1ae1d",-106.0203,32.4659,"NCA","Other","Other (calibrated)",11403,178.5,185,"Annual","P-E","wNA"
"420","MiddenCluster7.Harbert.2018","WEB05a4e59f",-116.0048,34.1548,"WNA","Other","Other (calibrated)",10000,197,194,"Annual","P","wNA"
"421","MiddenCluster7.Harbert.2018","WEBc20aba9d",-116.0048,34.1548,"WNA","Other","Other (calibrated)",10000,197,203,"Annual","P-E","wNA"
"422","MiddenCluster8.Harbert.2018","WEB8163f7a4",-109.0977,32.3106,"NCA","Other","Other (calibrated)",7596,93,90.5,"Annual","P","wNA"
"423","MiddenCluster8.Harbert.2018","WEBf52f4207",-109.0977,32.3106,"NCA","Other","Other (calibrated)",7596,93,94,"Annual","P-E","wNA"
"424","MiddenCluster9.Harbert.2018","WEB00c20586",-115.5548,31.6387,"NCA","Other","Other (calibrated)",11361,190,172.5,"Annual","P","wNA"
"425","MiddenCluster9.Harbert.2018","WEBbae8d58a",-115.5548,31.6387,"NCA","Other","Other (calibrated)",11361,190,172.5,"Annual","P-E","wNA"
"426","Minden.Booth.2012","NAm2kHydro015",-82.83,43.61,"ENA","Other","Other (not calibrated)",3042.9,13.95,13.9000000000001,"Summer","P-E","Other"
"427","Minnetonkacave.Lundeen.2013","S2LRLzrOCKJ0i6",-111.519,42.0875,"WNA","Speleothem","Speleothem (d13C)",11115.595,6.80199999999968,6.79999999999973,"Winter","P","SISAL"
"428","Minucua.Goman.2018","WEBb09ddc98",-97.609,17.079,"SCA","Other","Other (not calibrated)",4489.582,4.173,4.173,"Summer","P","wNA"
"429","Minucua.Goman.2018","WEBae63e2cc",-97.609,17.079,"SCA","Other","Other (not calibrated)",4413,1,1,"Annual","P","wNA"
"430","MirePelisoo.EPD","RSUXSR1TBzG",22.38,58.47,"NEU","Pollen","Pollen (calibrated)",10391.31,197.82,200.26,"Annual","P","Marsicek et al. (2018)"
"431","MireSaviku.Sarv.1975","RvWQ2bFFTRO",27.23,58.4,"NEU","Pollen","Pollen (calibrated)",10529.61,156.299999999999,156.63,"Annual","P","Marsicek et al. (2018)"
"432","Miryang.Park.2021","WEB2e632027",128.7781,35.4386,"EAS","Other","Other (not calibrated)",6422,3,3,"Annual","P-E","Other"
"433","Miryang.Park.2021","WEBfbcf81a6",128.7781,35.4386,"EAS","Pollen","Pollen (not calibrated)",5192,38,38,"Annual","P-E","Other"
"434","MittlereHellelen.Welten.1982","R9IyRnOeNEu",7.84,46.28,"WCE","Pollen","Pollen (calibrated)",10739.15,156.650000000001,152.645,"Annual","P","Marsicek et al. (2018)"
"435","MLake.Ritchie.1977","M2L4g91g0giP",-133.47,68.27,"NWN","Pollen","Pollen (calibrated)",10699,102.5,110,"Annual","P","Temp12k"
"436","Mohawk_Pond.Marsicek.2013","GH9372e157",-73.283,41.817,"ENA","Pollen","Pollen (calibrated)",10800,50,50,"Annual","P","Other"
"437","Molinoscave.Moreno.2017","S2LRZ8aI3nEQ7d",-0.4492,40.7925,"MED","Speleothem","Speleothem (d13C)",8081.7591649,14.6085755849999,14.1005716549998,"Winter","P-E","SISAL"
"438","MonheganIslandMeadow.Bostwick.1978","M2L9tqeckzcP",-69.3,43.77,"ENA","Pollen","Pollen (calibrated)",10752,185.95,177,"Annual","P","Marsicek et al. (2018)"
"439","Moon.Grimm.1996","M2Lcdhn1g1wP",-98.16,46.86,"CNA","Pollen","Pollen (calibrated)",10879,81,80.5,"Annual","P","Marsicek et al. (2018)"
"440","Moore.Schweger.1983","OLS_RwLxfQP11eP",-110.5,53,"NWN","Lake Deposits","Lake Deposits",10319,1149,1145,"Annual","P-E","Oxford Lake Levels Database"
"441","MoorimWeissenstadterForst.Hahne.1992","R4HAqt50vNY",11.88,50.14,"WCE","Pollen","Pollen (calibrated)",6963.31,136.73,143.965,"Annual","P","Marsicek et al. (2018)"
"442","Moraine.Hansen.1985","M2L28xoo2wwP",-58.05,52.27,"NEN","Pollen","Pollen (calibrated)",10582,228.5,229,"Annual","P","Marsicek et al. (2018)"
"443","MorrisPond.Morris.2013","WEB90956c0c",-112.7747,37.6744,"WNA","Pollen","Pollen (not calibrated)",8668.588,76.7205000000002,77.3370000000004,"Summer","P-E","wNA"
"444","MorrisPond.Morris.2013","WEBa30eb517",-112.7747,37.6744,"WNA","Pollen","Pollen (not calibrated)",8668.588,76.7205000000002,77.3370000000004,"Summer","P-E","wNA"
"445","MV0811-14JC.Du.2018","LPD7939faee",-120,34.3,"WNA","Other","Other (not calibrated)",7153,60,63,"Annual","P","wNA"
"446","Myrtle.Janssen.1968","M2L955k1lpfP",-93.39,47.98,"CNA","Pollen","Pollen (calibrated)",10906,138.5,151,"Annual","P","Marsicek et al. (2018)"
"447","N14.Andresen.2004","GH77108454",-44.18,59.98,"GIC","Other","Other (not calibrated)",11457.933,28.4900000000016,28.4900000000016,"Annual","P","Other"
"448","Nabta.Wendorf.1976","OLS_Rrtm3chd7C5",31,23,"SAH","Lake Deposits","Lake Deposits",10319,1149,1145,"Annual","P-E","Oxford Lake Levels Database"
"449","Naivasha.Richardson.1972","OLS_RFUFyYZUb0P",36.33,-0.68,"SEAF","Lake Deposits","Lake Deposits",10319,1149,1795,"Annual","P-E","Oxford Lake Levels Database"
"450","NakuruElmenteita.Butzer.1972","OLS_RjwvXKkI618",36.17,-0.42,"SEAF","Lake Deposits","Lake Deposits",10319,1149,2899.5,"Annual","P-E","Oxford Lake Levels Database"
"451","Nar.Roberts.2016","WEB88fe721c",34.4564,38.34,"MED","Lake Sediment d18O","Lake Sediment (d18O)",11994,1,1,"Annual","P-E","Other"
"452","Nattmalsvatn.Janbu.2011","LPD2999f647",17.3943,69.1793,"NEU","Other","Other (not calibrated)",9855.829,21.9630000000002,22.1379999999999,"Winter","P","Other"
"453","NBJ2015iso.Wong.2015","WEB02d26251",-98.34,29.69,"NCA","Speleothem","Speleothem (other)",6911.542,35.3830000000007,35.3830000000007,"Annual","P-E","wNA"
"454","Nedlouc.Larouche.1981","M2Lscfsosn8P",-71.65,57.65,"NEN","Pollen","Pollen (calibrated)",4073,235,181,"Annual","P","Marsicek et al. (2018)"
"455","NEEM.Rasmussen.2013","WEB29098c59",-51.06,77.45,"GIC","Glacier Ice","Glacier Ice",11980,20,20,"Annual","P","Other"
"456","Neor.Sharifi.2015","LPDfefd61ba",48.5553,37.9603,"WCA","Leaf Wax dD","Leaf Wax (dD)",11800,237,234,"Annual","P-E","Other"
"457","Nerfloen.Vasskog.2012","LPDce500deb",6.8667,61.9333,"NEU","Other","Other (not calibrated)",7771.631,51.9965,51.674,"Winter","P","Other"
"458","NevadaPrecip.Hughes.1996","WEB75eec6a6",-115.8,37.8,"WNA","Other","Other (calibrated)",7950,1,1,"Annual","P","Other"
"459","NgamringTso.Conroy. 2017","WEB820982f9",87.2,29.3,"TIB","Other","Other (not calibrated)",4050,25,25,"Summer","P","Other"
"460","No_Bottom_Pond.Marsicek.2013","GH8d2bed43",-70.114,41.285,"ENA","Pollen","Pollen (calibrated)",11000,50,50,"Annual","P","Other"
"461","NorthGRIP.Gkinis.2014","WEB4eba1170",-42.32,75.1,"GIC","Glacier Ice","Glacier Ice",11969,3.5,3.59999999999945,"Annual","P","Other"
"462","NSRZ_PWetQ.Chevalier.2017","WEB96107d21",24.74,-27.86,"WSAF","Pollen","Pollen (not calibrated)",12000,100,100,"Summer","P","Other"
"463","NussbaumerSeen.Rsch.1995","Rq4inYBSGTM",8.82,47.62,"WCE","Pollen","Pollen (calibrated)",10921.05,129.07,129.07,"Annual","P","Marsicek et al. (2018)"
"464","Nutt.Bennett.1987","M2Ljbhw17vuP",-79.45,45.22,"ENA","Pollen","Pollen (calibrated)",10546,101,132.5,"Annual","P","Marsicek et al. (2018)"
"465","OC437_07_GC27","WEB801cc768",-10.5147,30.8798,"NAO","Leaf Wax dD","Leaf Wax (dD)",11052,342.5,343,"Annual","P","Other"
"466","OC437_07_GC37","WEBa0656c03",-15.4469,26.816,"SAH","Leaf Wax dD","Leaf Wax (dD)",10709.5,284.5,285,"Annual","P","Other"
"467","OC437_07_GC49","WEBc9694a07",-17.3868,23.2062,"SAH","Leaf Wax dD","Leaf Wax (dD)",10788.5,459.75,482,"Annual","P","Other"
"468","OC437_07_GC68","WEBd1b743fa",-17.3227,19.363,"SAH","Leaf Wax dD","Leaf Wax (dD)",9855,322.5,322,"Annual","P","Other"
"469","ODP1019.Barron.2003","LPDac11991f",-124.93,41.682,"WNA","Pollen","Pollen (not calibrated)",11430,130,130,"Annual","P-E","Other"
"470","Okoboji.Dodd.1968","OLS_R4a8rMDILX2",-95.2,43.33,"CNA","Lake Deposits","Lake Deposits",10319,1149,2177.5,"Annual","P-E","Oxford Lake Levels Database"
"471","OltushLake.EPD","RipfIRSIDIN",23.96,51.7,"WCE","Pollen","Pollen (calibrated)",10476.82,271.09,260.285,"Annual","P","Marsicek et al. (2018)"
"472","Oregoncavesnationalmonument.Ersek.2012","S2LRtvw0psQup2",-123.4072,42.0981,"WNA","Speleothem","Speleothem (d13C)",7757.46,2.57999999999993,2.57999999999993,"Winter","P-E","SISAL"
"473","OroLake.Michels.2007","GH0c323a35",-105.3487,49.7842,"WNA","Other","Other (not calibrated)",6819.86,21.687,21.6840000000002,"Annual","P-E","Other"
"474","Ospitale.Watson.1996","R6NmELfFCE4",10.78,44.16,"MED","Pollen","Pollen (calibrated)",6245.42,114.17,115.7,"Annual","P","Marsicek et al. (2018)"
"475","Ostrowite.Milecka.2002","RJqCHr3jYTn",17.6,53.79,"WCE","Pollen","Pollen (calibrated)",10501.45,73.3400000000001,80.9549999999999,"Annual","P","Marsicek et al. (2018)"
"476","OwensLake.Benson.2002","GHff49b8d3",-117.9683,36.4367,"WNA","Lake Sediment d18O","Lake Sediment (d18O)",10951.81,63.14,63.14,"Annual","P-E","Other"
"477","Oyo.Ritchie.1985","OLS_RRP3VpY156T",26.18,19.27,"SAH","Lake Deposits","Lake Deposits",9009,1147,2240,"Annual","P-E","Oxford Lake Levels Database"
"478","Pamvotis.Frogley.2001","WEB47e28fe1",20.9234,39.6524,"MED","Lake Sediment d18O","Lake Sediment (d18O)",10354,118,125,"Annual","P-E","Other"
"479","PannelBridge.Waller.1993","RA8aUcdAq89",0.68,50.91,"NEU","Pollen","Pollen (calibrated)",10676.05,61.9800000000005,61.9800000000005,"Annual","P","Marsicek et al. (2018)"
"480","ParadiseLake.Steinman.2016","LPD179d915e",-122.617,54.685,"NWN","Lake Sediment d18O","Lake Sediment (d18O)",9086.4,17.4000000000005,17.4000000000005,"Winter","P-E","Other"
"481","ParadiseLake.Steinman.2016","LPDb99b434c",-122.617,54.685,"NWN","Other","Other (not calibrated)",9086.4,17.4000000000005,17.4000000000005,"Winter","P-E","Other"
"482","Paraisocave.Wang.2017","S2LRKkd7T4UOdy",-55.45,-4.0667,"NSA","Speleothem","Speleothem (d18O)",10923.1368,8.03999999999996,8.03999999999999,"Summer","P","SISAL"
"483","ParkPond1.Lynch.1998","M2Ld1pgjspxP",-109.96,43.47,"WNA","Pollen","Pollen (calibrated)",5006,224,221,"Annual","P","Temp12k"
"484","ParuCo.Bird.2014","WEB88f459b8",92.352,29.796,"TIB","Other","Other (not calibrated)",10935,30,30,"Annual","P-E","Other"
"485","Patzcuaro.Watts.1982","OLS_ROkPLG6ezuC",-101.58,19.58,"NCA","Lake Deposits","Lake Deposits",10319,1149,1217.5,"Annual","P-E","Oxford Lake Levels Database"
"486","PerchLake_Manitoba.Ritchie.NA","M2L5ja1jp17P",-100.9,51.65,"NEN","Pollen","Pollen (calibrated)",5972,108,108,"Annual","P","Marsicek et al. (2018)"
"487","PerchLake_ON.Terasmae.1975","M2Lzryvyul2P",-77.34,46.03,"ENA","Pollen","Pollen (calibrated)",10700,176,176,"Annual","P","Marsicek et al. (2018)"
"488","PereNoelcave.Verheyden.2014","S2LR5E5HYoppj9",5.2,50,"WCE","Speleothem","Speleothem (d18O)",10202.6495098,65.7647058799994,65.7647058799994,"Annual","P-E","SISAL"
"489","PereNoelcave.Verheyden.2014","S2LR6dZP0RBWKz",5.2,50,"WCE","Speleothem","Speleothem (d13C)",10202.6495098,65.7647058799994,65.7647058799994,"Annual","P-E","SISAL"
"490","Pergusa.Zanchetta.2007","WEB4686e3e6",14.3,37.5167,"MED","Lake Sediment d18O","Lake Sediment (d18O)",10427.807484,267.379679,267.379679,"Annual","P-E","Other"
"491","Pickerel.Watts.1968","OLS_RifcIdFjsr2",-97.33,43.5,"CNA","Lake Deposits","Lake Deposits",10319,1149,1145,"Annual","P-E","Oxford Lake Levels Database"
"492","Pinhook.Booth.2012","LPD6d6b5db7",-86.8459,41.6141,"ENA","Other","Other (not calibrated)",1875,17.45,17.4,"Annual","P-E","Other"
"493","PinkPanthercave.Asmerom.2007","S2LRZakzwznzEB",-105.2,32,"NCA","Speleothem","Speleothem (d18O)",11954,17,17,"Annual","P","SISAL"
"494","Pityoulish.Osullivan.1976","OLS_RgJcXt77Xws",-3.78,57.2,"NEU","Lake Deposits","Lake Deposits",9009,1147,2987,"Annual","P-E","Oxford Lake Levels Database"
"495","PixieLake.Brown.2006","WEB69d58fa4",-124.2,48.6,"WNA","Pollen","Pollen (calibrated)",11830,145,145.5,"Annual","P","wNA"
"496","PogoniaBog.Cushing.1979","M2L40cfg182P",-93.63,45.04,"CNA","Pollen","Pollen (calibrated)",10895,171.5,173,"Annual","P","Marsicek et al. (2018)"
"497","PointEscuminac.Warner.1991","M2Lye4yngywP",-64.8,47.08,"ENA","Pollen","Pollen (calibrated)",10628,114,121,"Annual","P","Marsicek et al. (2018)"
"498","PolandSpring.Jacobson.Ja","M2L4z2m7vmbP",-70.35,44.03,"ENA","Pollen","Pollen (calibrated)",10853,300,297,"Annual","P","Marsicek et al. (2018)"
"499","Posy.Shafer.1989","M2Lejdigk7uP",-111.7,37.94,"WNA","Pollen","Pollen (calibrated)",8490.9,315,315,"Annual","P","Temp12k"
"500","PrazRodet.Shotyk.1997","RMhvvEpYdfj",6.17,46.57,"WCE","Pollen","Pollen (calibrated)",10679.5,56.75,56.75,"Annual","P","Marsicek et al. (2018)"
"501","Prespa.Leng.2013","WEB3f7db8eb",21.0245,40.8789,"MED","Lake Sediment d18O","Lake Sediment (d18O)",9731,141,135.5,"Annual","P-E","Other"
"502","PuertodeLosTornos.Penalba.1989","RtJZd5WaWfK",-3.43,43.15,"MED","Pollen","Pollen (calibrated)",9674.91,254.2,254.2,"Annual","P","Marsicek et al. (2018)"
"503","PusciznaRekowianska.Obidowicz.1993","R0O32DzTRx6",19.82,49.48,"WCE","Pollen","Pollen (calibrated)",10921.91,132.175,132.225,"Annual","P","Marsicek et al. (2018)"
"504","PyramidLake.Benson.2001","LPDe0293a7c",-119.5835,40.072,"WNA","Lake Sediment d18O","Lake Sediment (d18O)",7521.886,8,8,"Annual","P-E","Other"
"505","Qinghai.Leipe.2013","GHbd4875df",100.17,36.87,"EAS","Lake Sediment d18O","Lake Sediment (d18O)",11543,197,197,"Annual","P-E","Other"
"506","Qingtiancave.Liu.2015","S2LRXxThqdCA5e",110.3667,31.3333,"EAS","Speleothem","Speleothem (d18O)",4827,2,2,"Summer","P","SISAL"
"507","Qixing.Cai.2001","GH277b6fef",107.267,26.07,"EAS","Speleothem","Speleothem (d18O)",7575.48,75.4699999999998,75.4699999999998,"Summer","P","Other"
"508","Queens.Moser.1990","M2Ln2clq8z2P",-110.57,64.12,"NWN","Pollen","Pollen (calibrated)",8840.4,182.1,182.1,"Annual","P","Marsicek et al. (2018)"
"509","Quexil.Deevey.1978","OLS_RSQIFjVgiso",-90.12,16.93,"SCA","Lake Deposits","Lake Deposits",10319,1149,3444.5,"Annual","P-E","Oxford Lake Levels Database"
"510","Quincan.Kershaw.1971","OLS_RWG6DubzJBE",145.58,-17.3,"NAU","Lake Deposits","Lake Deposits",9009,1147,915,"Annual","P-E","Oxford Lake Levels Database"
"511","Qunfcave.Fleitmann.2007","S2LRPRzDX3Apju",54.3,17.1667,"ARP","Speleothem","Speleothem (d18O)",10250,6,6,"Summer","P","SISAL"
"512","Radtke.Webb.1983","M2L6vkg2f70P",-88.1,43.4,"ENA","Pollen","Pollen (calibrated)",10908,238,247,"Annual","P","Marsicek et al. (2018)"
"513","RaigastvereLake.Pirrus.1987","RcOOhcbUlkp",26.67,58.6,"NEU","Pollen","Pollen (calibrated)",10898.21,108.56,109.25,"Annual","P","Marsicek et al. (2018)"
"514","RainbowLake.Shuman.2016","GH3c165b1c",-109.5,44.94,"WNA","Other","Other (not calibrated)",11950,50,50,"Annual","P-E","wNA"
"515","Rainhacave.Cruz.2009","S2LRm3xx7z73Nc",-37.6432,-5.5782,"NES","Speleothem","Speleothem (d18O)",7949.85,25.5399999999991,25.5399999999991,"Summer","P","SISAL"
"516","Rainhacave.Cruz.2009","S2LRev7LVrub4Z",-37.6432,-5.5782,"NES","Speleothem","Speleothem (d18O)",7595.82,22.1900000000005,22.1900000000005,"Summer","P","SISAL"
"517","Ranger.Brubaker.1983","PYTCYF0YQTU",-153.65,67.15,"NWN","Pollen","Pollen (calibrated)",11323,323,323,"Annual","P","Arctic Holocene"
"518","RantinLake.Pompeani.2012","WEBdb2377bc",-129.0323,60.0296,"NWN","Other","Other (not calibrated)",7832,30,29,"Annual","P-E","Other"
"519","Rapid.Fall.1994","M2Lnx2n0qghP",-109.19,42.73,"WNA","Pollen","Pollen (calibrated)",10599,341.5,345,"Annual","P","Temp12k"
"520","RedRock.Maher.1972","M2Lodn9z6zeP",-105.54,40.08,"WNA","Pollen","Pollen (calibrated)",10688.8,241.4,241.4,"Annual","P","Temp12k"
"521","Reidel.Almquist-Jacobson.1992","M2Lpgi79ubiP",-95.28,46.21,"CNA","Pollen","Pollen (calibrated)",10787,298.5,297,"Annual","P","Marsicek et al. (2018)"
"522","RhamnusLake.Brown.2006","WEB4581c605",-123.72,48.63,"WNA","Pollen","Pollen (calibrated)",10888,176,176,"Annual","P","wNA"
"523","RiviereFeuilles2.Larouche.1981","M2L2mzijcgrP",-71.95,58.22,"NEN","Pollen","Pollen (calibrated)",5122,237.5,240.5,"Annual","P","Marsicek et al. (2018)"
"524","Rogers.Marsicek.2013","GH6d568132",-72.17,41.21,"ENA","Pollen","Pollen (calibrated)",11000,50,50,"Annual","P","Other"
"525","Ruakuricave.Whittaker.2008","S2LRAnGQ24xzrA",175.08,-36.27,"NZ","Speleothem","Speleothem (d13C)",3690.9575,113.38145,117.8881,"Annual","P","SISAL"
"526","Ruby.Thompson.1984","OLS_RXjJiwKiDO4",-115.33,40.58,"WNA","Lake Deposits","Lake Deposits",10319,1149,2177.5,"Annual","P-E","Oxford Lake Levels Database"
"527","Rukatunturi.Hicks.1985","RM0Qcsi34Pq",29.15,66.17,"NEU","Pollen","Pollen (calibrated)",5516.95,374.32,374.32,"Annual","P","Marsicek et al. (2018)"
"528","Russell.Hubbs.1965","OLS_R28mFojQksk",-118.77,38.05,"WNA","Lake Deposits","Lake Deposits",10319,1149,3470,"Annual","P-E","Oxford Lake Levels Database"
"529","Rutz.Waddington.1969","OLS_RAcSotekegB",-93.87,44.87,"CNA","Lake Deposits","Lake Deposits",10319,1149,3590,"Annual","P-E","Oxford Lake Levels Database"
"530","Rystad.Vorren.2012","LPDfc71e6bc",13.7839,68.2389,"NEU","Other","Other (not calibrated)",8333,25,26,"Annual","P-E","Other"
"531","SaegistalseePollen.Wick.2003","RmkGVTr1EFS",7.98,46.68,"WCE","Pollen","Pollen (calibrated)",8945.37,37.3200000000006,40.3400000000001,"Annual","P","Marsicek et al. (2018)"
"532","Sahiyacave.Sinha.2015","S2LRuTFfyRE5aJ",77.8667,30.6,"TIB","Speleothem","Speleothem (d18O)",5705.79,1.23999999999978,1.24000000000001,"Summer","P","SISAL"
"533","Saint-JeanOrleans.Richard.1981","M2Lcv1tbc40P",-70.93,46.93,"ENA","Pollen","Pollen (calibrated)",6418,309,309,"Annual","P","Marsicek et al. (2018)"
"534","SaintCalixte.Larouche.NA","M2Le95xy9vtP",-73.87,45.96,"ENA","Pollen","Pollen (calibrated)",10711,375,375,"Annual","P","Marsicek et al. (2018)"
"535","SaintThomas.Voeltzel.1987","RDfHXlu4lrn",-1.75,47.27,"WCE","Pollen","Pollen (calibrated)",6794.92,64.08,64.08,"Annual","P","Marsicek et al. (2018)"
"536","SaintViaudContin.Bernard.1996","RCQp2aaeRCB",-2.02,47.27,"WCE","Pollen","Pollen (calibrated)",7150.65,77.9000000000003,77.9000000000005,"Annual","P","Marsicek et al. (2018)"
"537","SaladaPequena.EPD","RtarLUdkblD",-0.22,41.03,"MED","Pollen","Pollen (calibrated)",4360.67,90.3800000000001,90.3800000000001,"Annual","P","Marsicek et al. (2018)"
"538","SalardeUyuni.Baker.2001","WEBb3112945",-67.5,-20.25,"SWS","Other","Other (not calibrated)",11962.2,195.86,195.86,"Annual","P-E","Other"
"539","Sanbaocave.Dong.2010","S2LRvmcMc9Rkdw",110.4333,31.667,"EAS","Speleothem","Speleothem (d18O)",11914.18881273,25.523809,25.5238090000003,"Summer","P","SISAL"
"540","SchellingsBog.Barron.2004","WEBfde0ea8e",-123.36,40.28,"WNA","Pollen","Pollen (not calibrated)",4780,50,50,"Annual","P-E","wNA"
"541","SchellingsBog.Barron.2004","WEB62272ffc",-123.36,40.28,"WNA","Pollen","Pollen (not calibrated)",4780,50,50,"Annual","P-E","wNA"
"542","Searles.Stuiver.1964","OLS_RfD6MNlONoM",-117.7,35.6,"WNA","Lake Deposits","Lake Deposits",10319,1149,3730,"Annual","P-E","Oxford Lake Levels Database"
"543","Selima.Haynes.1979","OLS_R1vmDg2WuOy",29.34,21.32,"SAH","Lake Deposits","Lake Deposits",10319,1149,4825,"Annual","P-E","Oxford Lake Levels Database"
"544","Sellevollmyra.Vorren.2007","LPD4777044b",15.9417,69.1083,"NEU","Other","Other (not calibrated)",6397,36,36,"Annual","P-E","Other"
"545","Shatucacave.Bustamante.2016","S2LRFanjoqsyzm",-77.9,-5.7,"NWS","Speleothem","Speleothem (d18O)",10593.88,3.97000000000025,3.97000000000025,"Summer","P","SISAL"
"546","Shigaocave.Jiang.2012","S2LRZPZvtczPu8",107.167,28.183,"EAS","Speleothem","Speleothem (d18O)",9863.07059059701,17.8241736199993,17.8556106799997,"Summer","P","SISAL"
"547","Shkodra.Zanchetta.2012","WEB53be5f2c",19.32,42.17,"MED","Lake Sediment d18O","Lake Sediment (d18O)",4480,26,26,"Annual","P","Other"
"548","SihailongwanMaar.Stebich.2015","LPD6fdee25b",126.6,42.28,"EAS","Pollen","Pollen (calibrated)",11842,61,61,"Annual","P","Other"
"549","SilverLake.Kirby.2015","WEB6e4417db",-116.135,35.3669,"WNA","Other","Other (not calibrated)",10476.8,40.9000000000005,40.900000000001,"Annual","P-E","Other"
"550","SilverLake.Kirby.2015","WEB696efa25",-116.135,35.3669,"WNA","Other","Other (not calibrated)",10055.4,40.6000000000004,40.7999999999993,"Annual","P-E","Other"
"551","Sixteen.Futyma.1986","M2Ll0uq2vy4P",-84.32,45.6,"ENA","Pollen","Pollen (calibrated)",8213,246,247,"Annual","P","Marsicek et al. (2018)"
"552","SkalaMarioncave.Psomiadis.2018","S2LR6gyBxnVNNh",24.5144,40.6387,"MED","Speleothem","Speleothem (d18O)",4052.5,15.2,15.1999999999998,"Annual","P","SISAL"
"553","Skrzetuszewskie.Litt.2001","RbpfVOmRAle",17.36,52.55,"WCE","Pollen","Pollen (calibrated)",10751.62,122.49,128.08,"Annual","P","Marsicek et al. (2018)"
"554","Sluggan.Smith.1991","R9Amq0IJUkv",-6.26,54.78,"NEU","Pollen","Pollen (calibrated)",10899.49,103.535,103.535,"Annual","P","Marsicek et al. (2018)"
"555","SO188_342.ContrerasRosales.2014","WEB1afc8afc",90.0339,19.9734,"SAS","Leaf Wax dD","Leaf Wax (dD)",11460,244,244,"Summer","P","Other"
"556","SO189_144KL.Mohtadi.2014","WEBecd5f91f",98.066,1.155,"SEA","Leaf Wax dD","Leaf Wax (dD)",11820,150,150,"Annual","P","Other"
"557","SO90_56KA.Doose-Rolinski.2001","WEBaf733834",65.916,24.833,"SAS","Other","Other (calibrated)",2949,1,1,"Annual","P-E","Other"
"558","Sonk11D.Lauterbach.2014","LPD343ffe05",75.1961,41.7939,"ECA","Leaf Wax dD","Leaf Wax (dD)",5936.2,64.15,64.2,"Summer","P-E","Other"
"559","Soreqcave.Orland.2009","S2LR8DePB64lKW",35.0226,31.7558,"MED","Speleothem","Speleothem (d18O)",11640,30,30,"Annual","P","SISAL"
"560","SouthernCalifornia.Ohlwein.2012","LPDbf7cf950c",-116.66,33.7689,"NCA","Pollen","Pollen (not calibrated)",11038,352,364.5,"Annual","P","Temp12k"
"561","SouthRhodyBog.Booth.2012","GH277c77ee",-86.07,46.56,"ENA","Other","Other (not calibrated)",5141.75,26.4499999999998,26.4749999999999,"Summer","P-E","Other"
"562","SPC14.Kahle.2021","WEB5a8bf9f7",98.1596,-89.9889,"EAN","Glacier Ice","Glacier Ice",11900,100,100,"Annual","P","Other"
"563","Spitzkoppe.Chase.2009","WEB29d9f1fb",15.1955,-21.8317,"WSAF","Other","Other (not calibrated)",11707,52.5,52,"Annual","P-E","Other"
"564","StewartBog.Jimenez-Moreno.2008","WEB26ef9aa2",-105.7225,35.8323,"WNA","Pollen","Pollen (not calibrated)",11964.5,64.9000000000001,32.625,"Winter","P-E","wNA"
"565","Stomyren..2008","GH5fffab58",13.4667,60.2083,"NEU","Other","Other (not calibrated)",7939.819,59.8400000000001,59.8399999999999,"Annual","P-E","Other"
"566","Straldzhamire.Tonkov.2009","RXkikgtwXoC",26.77,42.63,"MED","Pollen","Pollen (calibrated)",4356.94,160.71,170.35,"Annual","P","Marsicek et al. (2018)"
"567","SudobleLake.Elovicheva.1985","RyxeCixPXtQ",28.1,54.03,"WCE","Pollen","Pollen (calibrated)",10349.58,266.93,282.815,"Annual","P","Marsicek et al. (2018)"
"568","SumxiCo.Leipe.2014","GH97df1e73",80.27,34.623,"TIB","Pollen","Pollen (not calibrated)",12000,125,125,"Annual","P-E","Other"
"569","Svanavatnet.Bjune.2008","PYTQQ59PH63",14.05,66.44,"NEU","Pollen","Pollen (calibrated)",8600.485,115.9825,116.299,"Annual","P","Arctic Holocene"
"570","SwanLake.Schmieder.2011","LPD1498ea89",-99.03,42.16,"CNA","Other","Other (not calibrated)",8289.9,51.4849999999997,51.4899999999998,"Annual","P-E","wNA"
"571","SwanLake.Schmieder.2011","LPD03892251",-99.03,42.16,"CNA","Other","Other (not calibrated)",8383.3,51.4874999999997,51.4849999999997,"Annual","P-E","wNA"
"572","SwienskuhleDAHIII.Behre.1986","RlvYZoLc8pv",8.73,53.67,"NEU","Pollen","Pollen (calibrated)",6850.84,94.2200000000003,93.8400000000001,"Annual","P","Marsicek et al. (2018)"
"573","SwietokrzyskieLake.Makohonienko.1991","RykyyR1fP8i",17.6,52.54,"WCE","Pollen","Pollen (calibrated)",10777.64,54.1899999999996,54.4700000000001,"Annual","P","Marsicek et al. (2018)"
"574","TaguaTagua.Montane.1968","OLS_ROVfSZGskJH",-71.17,-34.5,"SWS","Lake Deposits","Lake Deposits",10319,1149,2069,"Annual","P-E","Oxford Lake Levels Database"
"575","Takahula.Clegg.2010","GH2f86466e",-153.6667,67.35,"NWN","Lake Sediment d18O","Lake Sediment (d18O)",8120,59,59,"Annual","P-E","Other"
"576","TalismanCave.Tan.2021","WEBcbb13563",72.35,40.39,"WCA","Speleothem","Speleothem (other)",4761,3,3,"Winter","P","Other"
"577","Tamborilcave.Wortham.2017","S2LR9MB33afoO5",-47,-16,"NES","Speleothem","Speleothem (d18O)",9040.4735,12.6072999999997,12.60725,"Summer","P","SISAL"
"578","Tanganyika.Tierney.2008","WEBfc31e088",29.83,-6.72,"SEAF","Leaf Wax dD","Leaf Wax (dD)",10519,151,152.5,"Summer","P","Other"
"579","Tarnowiec.Harmata.1987","RohD6ikpsj3",21.62,49.7,"WCE","Pollen","Pollen (calibrated)",10238.72,226.07,221.53,"Annual","P","Marsicek et al. (2018)"
"580","Telmen.Chen.2008","GH16221a19",97.33,48.83,"ESB","Other","Other (not calibrated)",11000,50,500,"Annual","P-E","Other"
"581","TeReingacave.Lorrey.2008","S2LRMfVuvM6F9K",177.52,-38.82,"NZ","Speleothem","Speleothem (d13C)",9105.6496,14.8859,14.5999999999999,"Annual","P-E","SISAL"
"582","TermitOuestKandelBouzou.Faure.1963","OLS_RmpO87FXnN9",11.25,16.08,"SAH","Lake Deposits","Lake Deposits",10319,1149,1200,"Annual","P-E","Oxford Lake Levels Database"
"583","TiagoLake.Jimenez-Moreno.2011","WEBe350f165",-106.6128,40.5803,"WNA","Pollen","Pollen (not calibrated)",11942,44,50,"Winter","P-E","wNA"
"584","Tianmen.Cai.2010","S2LR5DxjLd46Qb",90.0667,30.9167,"TIB","Speleothem","Speleothem (d18O)",4897.5,5.09999999999854,5.09999999999854,"Summer","P","SISAL"
"585","Tigalmamine.Lamb.MS","OLS_RTKjwB4I61Z",-5.35,32.9,"MED","Lake Deposits","Lake Deposits",9399,1174.5,3470,"Annual","P-E","Oxford Lake Levels Database"
"586","Tirersioum.Delibrias.1976","OLS_RfH3Xwr6M4p",-16.68,21.37,"SAH","Lake Deposits","Lake Deposits",9009,1147,2585,"Annual","P-E","Oxford Lake Levels Database"
"587","Titicaca.Baker.2001","WEBa6153aaf",-69.15,-16.13,"SAM","Other","Other (not calibrated)",9052,143.5,145,"Annual","P-E","Other"
"588","Titicaca.Fornace.2014","WEBf46bc2c2",-69.1601,-15.9368,"SAM","Leaf Wax dD","Leaf Wax (dD)",11708,260,259.5,"Summer","P","Other"
"589","Titicaca.Mourguiart.1986","OLS_RdXSYXkFIYM",-69.25,-16.13,"SAM","Lake Deposits","Lake Deposits",9009,1147,2439.5,"Annual","P-E","Oxford Lake Levels Database"
"590","TLakePalau.Sachs.2018","WEB1f2d5fc5",134.4385,7.3045,"EPO","Leaf Wax dD","Leaf Wax (dD)",10255,177.5,164,"Annual","P","Other"
"591","TML1.Lamy.2010","WEB843e2ae7-dup",-73.8019,-52.9035,"SSA","Pollen","Pollen (not calibrated)",11331.87,284.345,284.22,"Annual","P","Other"
"592","TML1.Lamy.2010","WEBc7a2aaa7",-73.8019,-52.9035,"SSA","Other","Other (not calibrated)",10991,142.87,142.82,"Annual","P","Other"
"593","TN062-0550.Barron.2018","WEB49245d00",-124.573,40.8656,"WNA","Pollen","Pollen (not calibrated)",5946.92,68.0300000000002,68.0300000000002,"Summer","P-E","Temp12k"
"594","TN062-0550.Barron.2018","WEBeb8b7a07",-124.573,40.8656,"WNA","Pollen","Pollen (not calibrated)",5946.92,68.0300000000002,68.0300000000002,"Annual","P-E","Temp12k"
"595","Tonnelnayacave.Cheng.2016","S2LRK7EQh5SRKh",67.23,38.4,"WCA","Speleothem","Speleothem (d13C)",11971.1611150703,34.0439805599999,34.0439805599999,"Annual","P-E","SISAL"
"596","TorontoLake.Wolfe.1996","LPDdf6e03fa",-109.35,63.7167,"NWN","Lake Sediment d18O","Lake Sediment (d18O)",8410,133,132,"Annual","P-E","Other"
"597","TourbieredeLanorieStJean.Comtois.1982","M2L4um5ai6xP",-73.22,46,"ENA","Pollen","Pollen (calibrated)",5468,91,91,"Annual","P","Marsicek et al. (2018)"
"598","TsoKar.Demske.2009","WEB371c0497",78,33.1667,"TIB","Pollen","Pollen (not calibrated)",10980,328,333.5,"Annual","P-E","Other"
"599","TsoMoriri.Leipe.2013","GH2b8af51c",78.3233,32.9294,"TIB","Pollen","Pollen (calibrated)",11841,154,154.5,"Annual","P","Other"
"600","Tsuolbmajavri.Korhola.2002","PYTJINRZ45D",22.05,68.41,"NEU","Pollen","Pollen (calibrated)",8942,67,67,"Annual","P","Arctic Holocene"
"601","Turkana.Butzer.1972","OLS_RDo2ZhhzvEJ",36,5,"NEAF","Lake Deposits","Lake Deposits",10319,1149,1350,"Annual","P-E","Oxford Lake Levels Database"
"602","Tyotjarvi.Donner.1978","OLS_Ri3Ip1UKJCU",25.47,60.98,"NEU","Lake Deposits","Lake Deposits",10319,1149,4044.5,"Annual","P-E","Oxford Lake Levels Database"
"603","Tyrrell.Bowler.1986","OLS_RIAO1405W9b",142.78,-35.33,"SAU","Lake Deposits","Lake Deposits",10319,1149,4825,"Annual","P-E","Oxford Lake Levels Database"
"604","Uitbergen.Verbruggen.1979","RKGGOWvka94",3.94,51.02,"WCE","Pollen","Pollen (calibrated)",3480.22,295.32,265.79,"Annual","P","Marsicek et al. (2018)"
"605","Uluu-Toocave.Wolff.2017","S2LR6SqowycH0Q",72.35,40.4,"WCA","Speleothem","Speleothem (d18O)",4672.1526,1.90950000000002,1.91829999999982,"Winter","P","SISAL"
"606","UnitLake.Camill.2012","GH31325f74",-97.493,59.404,"NEN","Other","Other (not calibrated)",8730.376,43.5275000000001,45.0429999999992,"Annual","P-E","Other"
"607","UpperBigCreek.Shuman.2015","GH7a79d6b2",-106.62,40.91,"WNA","Other","Other (not calibrated)",11950,50,50,"Annual","P-E","wNA"
"608","UpperFly.Bunbury.2009","PYT1E469BV6",-138.09,61.07,"NWN","Pollen","Pollen (calibrated)",11950.504,244.7965,244.977000000001,"Annual","P","Arctic Holocene"
"609","UpperPintoFen.Yu.2003","LPDe806555f",-118.0167,53.5833,"NWN","Other","Other (not calibrated)",8017,21.5,21.5,"Annual","P-E","Other"
"610","Van.VanZeist.1978","Ru6DOB7s7YZ",43,38.5,"WCA","Pollen","Pollen (calibrated)",10858.18,124.654999999999,132.26,"Annual","P","Marsicek et al. (2018)"
"611","Vera.Bradbury.1986b","OLS_RuVLAvVu5OP",145.87,-42.27,"SAU","Lake Deposits","Lake Deposits",10319,1149,2240,"Annual","P-E","Oxford Lake Levels Database"
"612","Vernerovice.Peichlova.1979","RJpBoQdO01s",16.2,50.62,"WCE","Pollen","Pollen (calibrated)",10781.5,334.78,338.665,"Annual","P","Marsicek et al. (2018)"
"613","VestreOykjamyrtorn.EPD","Rt5fI7YTsIK",6,59.82,"NEU","Pollen","Pollen (calibrated)",10948.38,171.79,173.055,"Annual","P","Marsicek et al. (2018)"
"614","Voelvlei.Strobel.2021","WEB7ebd522d",21.826,-34.259,"WSAF","Other","Other (not calibrated)",7590,53,53,"Annual","P-E","Other"
"615","vuoskkujavri.Bigler.2002","PYT6GVRSFN5",19.1,68.33,"NEU","Pollen","Pollen (calibrated)",8333.54,171.83,171.83,"Annual","P","Other"
"616","WA01.Rainville.2013","WEBc8473abd",-136.9264,61.2447,"NWN","Other","Other (not calibrated)",11912.39,45.2479999999999,44.8519999999999,"Annual","P-E","Other"
"617","Wabamun.Holloway.1981","OLS_RblGnR4xJrB",-114.25,53.5,"NWN","Lake Deposits","Lake Deposits",10319,1149,2177.5,"Annual","P-E","Oxford Lake Levels Database"
"618","Wachel3.Doerfler.1989","R6pznazKUB0",8.87,53.44,"NEU","Pollen","Pollen (calibrated)",9925.9,73.18,73.18,"Annual","P","Marsicek et al. (2018)"
"619","WachseldornUntermoos.Oeschger.1980","RpBQVlaFsD6",7.74,46.82,"WCE","Pollen","Pollen (calibrated)",10791.51,157.01,157.01,"Annual","P","Marsicek et al. (2018)"
"620","WAISDivide.Cuffey.2016","WEBaa6ac386",-112.08,-79.4676,"WAN","Glacier Ice","Glacier Ice",11999,1,1,"Annual","P-E","Other"
"621","Walker.Hevly.1985","OLS_RzqaAnmlHbH",-111.67,35.5,"WNA","Lake Deposits","Lake Deposits",10319,1149,1095,"Annual","P-E","Oxford Lake Levels Database"
"622","Wanum.GarrettJones.1979","OLS_Roe2Ri2GOD9",146.78,-6.63,"SEA","Lake Deposits","Lake Deposits",10319,1149,6940,"Annual","P-E","Oxford Lake Levels Database"
"623","Washburn.Winkler.1985c","OLS_RXKCFWVRanL",-89.65,43.53,"ENA","Lake Deposits","Lake Deposits",10319,1149,2852.5,"Annual","P-E","Oxford Lake Levels Database"
"624","Waxeckalm.Huettemann.1987","Ruw3dJ9QqiU",11.83,47.03,"WCE","Pollen","Pollen (calibrated)",7663.74,100.365,98.6249999999995,"Annual","P","Marsicek et al. (2018)"
"625","Wazpretticave.Williams.2005","S2LRQTAjCiqPX4",171.4,-42.1,"NZ","Speleothem","Speleothem (d13C)",7032.8547,62.2667999999999,61.5121999999992,"Annual","P-E","SISAL"
"626","WCA3BGumboLimboFarTail.Willard.2001","M2L6uvmyx6iP",-80.5056,25.7747,"ENA","Pollen","Pollen (calibrated)",4609,336,368.5,"Annual","P","Marsicek et al. (2018)"
"627","WCA3BGumboLimboMarsh.Willard.2001","M2L09maiv3tP",-80.5111,25.7789,"ENA","Pollen","Pollen (calibrated)",4302,172.5,160,"Annual","P","Marsicek et al. (2018)"
"628","Weber.Fries.1962","OLS_Rh1QgEylyEm",-91.65,47.47,"CNA","Lake Deposits","Lake Deposits",10319,1149,4825,"Annual","P-E","Oxford Lake Levels Database"
"629","Wedge.Macdonald.1982","OLS_RtESqFQmPOU",-115.17,50.87,"NWN","Lake Deposits","Lake Deposits",10319,1149,2115,"Annual","P-E","Oxford Lake Levels Database"
"630","WestOkoboji.VanZant.1979","M2Lqxgbb2dhP",-95.2,43.33,"CNA","Pollen","Pollen (calibrated)",10692,87,87,"Annual","P","Marsicek et al. (2018)"
"631","WhitneysGulch.Lamb.1980","OLS_RKvXdow2D0X",-57.3,51.52,"NEN","Lake Deposits","Lake Deposits",10319,1149,3210,"Annual","P-E","Oxford Lake Levels Database"
"632","WielkeGacno.HjelmroosEricsson.1982","OLS_Rnp35KKbNIN",17.2,53.73,"WCE","Lake Deposits","Lake Deposits",10319,1149,6889,"Annual","P-E","Oxford Lake Levels Database"
"633","WiggenhallSt.Germans.Waller.1994","RMoHhWUEYa7",0.34,52.69,"NEU","Pollen","Pollen (calibrated)",5119.28,131.68,131.68,"Annual","P","Marsicek et al. (2018)"
"634","WilderSeebeimRuhestein.EPD","RkFka3nS2xG",8.24,48.57,"WCE","Pollen","Pollen (calibrated)",9257.55,30.0999999999999,29.1599999999999,"Annual","P","Marsicek et al. (2018)"
"635","Wintergreen.Manny.1978","OLS_RzEmio4JrEJ",-85.38,42.4,"ENA","Lake Deposits","Lake Deposits",10319,1149,2585,"Annual","P-E","Oxford Lake Levels Database"
"636","Wolverine.Mann.2002","GH66374774",-158.914,67.098,"NWN","Other","Other (not calibrated)",7383.606,27.3250000000003,27.731,"Annual","P-E","Other"
"637","Woryty.EPD","RSx1aYuW4Rc",20.2,53.75,"WCE","Pollen","Pollen (calibrated)",10634.63,179.395,189.709999999999,"Annual","P","Marsicek et al. (2018)"
"638","Wulun.Chen.2008","NAm2kHydro106",87.29,47.2,"WSB","Other","Other (not calibrated)",9550,50,900,"Annual","P-E","Other"
"639","Xianglongcave.Tan.2018","S2LRljclseoP6S",106.33,33,"EAS","Speleothem","Speleothem (d18O)",5998,8,8,"Summer","P","SISAL"
"640","Xiaobailongcave.Cai.2015","S2LR3sFUdg8g4z",103.36,24.2,"EAS","Speleothem","Speleothem (d18O)",6530,30,30,"Summer","P","SISAL"
"641","XinguRia.Bertassoli.2019","WEBbed2c631",-52.28,-1.709,"NSA","Leaf Wax dD","Leaf Wax (dD)",3675.5,122.4,122.75,"Annual","P","Other"
"642","Xinyacave.T..2007","S2LR4OJ4DeyWph",109.47,30.75,"EAS","Speleothem","Speleothem (d18O)",3943.12458462,3.24922098100001,3.25806098450005,"Summer","P","SISAL"
"643","Yakumo.Leipe.2013","LPD016736e6",140.26,42.28,"EAS","Pollen","Pollen (not calibrated)",5466,100,99.5,"Summer","P","Other"
"644","Yakumo.Leipe.2013","LPD55404d27",140.26,42.28,"EAS","Pollen","Pollen (not calibrated)",5466,100,100,"Winter","P","Other"
"645","Yakumo.Leipe.2013","LPD72217804",140.26,42.28,"EAS","Pollen","Pollen (calibrated)",5466,100,106,"Annual","P","Other"
"646","Yamencave.Yang.2010","S2LRaRE1m5yKLj",107.9,25.4833,"EAS","Speleothem","Speleothem (d18O)",4678,5,5,"Summer","P","SISAL"
"647","YellowLake.Anderson.2012","GH95c4057f",-107.345,39.652,"WNA","Lake Sediment d18O","Lake Sediment (d18O)",8152.286,27.514,27.6650000000001,"Winter","P-E","Other"
"648","Ylimysneva.Huttunen.1990","Rgrci96AHcP",22.87,62.13,"NEU","Pollen","Pollen (calibrated)",9453.86,195.030000000001,195.030000000001,"Annual","P","Marsicek et al. (2018)"
"649","Zalozhtsy.Bezusko.1992","R3P8IjnESMu",25.45,49.75,"WCE","Pollen","Pollen (calibrated)",9600.78,289.36,273.46,"Annual","P","Marsicek et al. (2018)"
"650","Zbudovskablata.Rybnickova.1975","RWlqJi5lZuc",14.33,49.83,"WCE","Pollen","Pollen (calibrated)",8751.72,325.76,325.76,"Annual","P","Marsicek et al. (2018)"
"651","Zeribar.Van.1963","OLS_R14ZgdIg3vP",46.12,35.53,"WCA","Lake Deposits","Lake Deposits",10319,1149,3210,"Annual","P-E","Oxford Lake Levels Database"
"652","ZhangzangChaka.Qi.1981","OLS_RAPLKNVwmJW",82.33,32.5,"TIB","Lake Deposits","Lake Deposits",10319,1149,1200,"Annual","P-E","Oxford Lake Levels Database"
"653","Zhuliupingcave.Huang.2016","S2LRonoRI4uIVU",104.095,26.0167,"EAS","Speleothem","Speleothem (d18O)",7375.368,7.29197080000085,7.29197080000085,"Summer","P","SISAL"
"654","Zhuyeze.Chen.2006","GHab77d673",103.34,39.011,"ECA","Pollen","Pollen (not calibrated)",11530,10,10,"Summer","P-E","Other"
"655","Zhuyeze.Chen.2006","GHb76a109a",103.34,39.011,"ECA","Pollen","Pollen (not calibrated)",11550,10,10,"Summer","P-E","Other"
"656","Zirbenwaldmoor.EPD","R1KAWG8rQIL",11.03,46.86,"WCE","Pollen","Pollen (calibrated)",9564.88,112.85,112.85,"Annual","P","Marsicek et al. (2018)"
"657","ZiwayShala.Grove.1975","OLS_RRO1Ic9Qv3B",38.67,7.75,"NEAF","Lake Deposits","Lake Deposits",10319,1149,1235,"Annual","P-E","Oxford Lake Levels Database"
"658","Zuratkul'.EPD","RjmmKemx5VX",59.27,54.9,"EEU","Pollen","Pollen (calibrated)",10766.69,365.33,366.075,"Annual","P","Marsicek et al. (2018)"
"659","Kuruyange.Bonnefille.2000","WEBb6841ae1",29.68,-3.58,"SEAF","Pollen","Pollen (calibrated)",9759,103,103,"Annual","P","Other"
"660","Kuruyange.Bonnefille.2000","WEB4fba7605",29.68,-3.58,"SEAF","Pollen","Pollen (calibrated)",11086,108,108,"Annual","P","Other"
"661","RebeccaLagoon.Saunders.2012","WEBb3fd19e6",144.695,-41.1911,"SAU","Other","Other (calibrated)",3128,1,1,"Annual","P","Other"
"662","Rusaka.Bonnefille.2000","WEBa1c23512",29.62,-3.43,"SEAF","Pollen","Pollen (calibrated)",8037,64,71,"Annual","P","Other"
"663","Rusaka.Bonnefille.2000","WEB8ffcaee7",29.62,-3.43,"SEAF","Pollen","Pollen (calibrated)",9594,78,78,"Annual","P","Other"
"664","Wonderkrater.Truc.2013","WEBd3eaa693",28.7507,-24.4391,"ESAF","Pollen","Pollen (not calibrated)",11319,258,258,"Annual","P-E","Temp12k"
